,Player,Pos,Team,Home/Away,Spread,Completions,Attempts,YDS,AVG,TD,INT,QBR,Opponent,Player Cmp%,Player TD%,Player Int%,Player YDS / ATT,Player ADJUSTED YDS / ATT,Player YDS / COMP,Player YDS / G,Player TD/G,Player INT / G,Player ATT / G,Player COMP / G,Team TD/G,Team Points/G,Team Rush Avg.,Team RUSH TD/G,Team Rush Att/G,Team Rush Yards/G,Team Passing  Pct.,Team Passing Yards/Att,Team Passing TD / G,Team INT/G,Team Passing Att/G,Team Passing Yards/G,Team Total Yards/Play,Team Total Yards/G,Opp TD/G,Opp Points/G,Opp Rush Avg.,Opp Rush TD/ G,Opp Rush Att/G,Opp Rush Yards/G,Opp Passing Pct.,Opp Passing Yards/Att,Opp Passing Att/G,Opp Passing Yards/G,Opp Passing Comp / G,Opp Passing TDs /G,Opp INT / G,Opp Total Yards/Play,Opp Total Yards/G,Opp 3rd Down Conversion %,Opp Sacks/G,Opp Passes Defended/G
0,Luke Altmyer,QB,Illinois,1,4.5,16,25,192,7.7,0,0,68.0,Kansas,60.8,6.3,1.7,7.8,8.32,12.9,209.0,1.692307692307692,0.4615384615384616,26.69230769230769,16.23076923076923,3.461538461538462,28.3,4.42,1.692307692307692,34.77,153.62,60.3,7.8,1.692307692307692,0.4615384615384616,27.2,211.2,5.89,364.8,3.083333333333333,26.0,4.47,0.8333333333333334,34.33,153.5,63.1,8.0,30.0,239.1,18.91666666666667,2.083333333333333,1.0,6.1,392.6,44.08,2.33,4.67
1,Luke Altmyer,QB,Illinois,1,-17.5,19,29,242,8.3,2,0,65.1,Central Michigan,60.8,6.3,1.7,7.8,8.32,12.9,209.0,1.692307692307692,0.4615384615384616,26.69230769230769,16.23076923076923,3.461538461538462,28.3,4.42,1.692307692307692,34.77,153.62,60.3,7.8,1.692307692307692,0.4615384615384616,27.2,211.2,5.89,364.8,3.333333333333333,29.7,4.58,1.666666666666667,37.08,169.75,60.1,7.1,27.3,193.8,16.41666666666667,1.416666666666667,0.1666666666666667,5.64,363.6,33.75,2.58,3.5
2,Luke Altmyer,QB,Illinois,0,9.5,21,27,215,8.0,4,0,85.9,Nebraska,60.8,6.3,1.7,7.8,8.32,12.9,209.0,1.692307692307692,0.4615384615384616,26.69230769230769,16.23076923076923,3.461538461538462,28.3,4.42,1.692307692307692,34.77,153.62,60.3,7.8,1.692307692307692,0.4615384615384616,27.2,211.2,5.89,364.8,2.461538461538462,19.5,3.37,0.6153846153846154,30.0,101.23,63.9,7.4,29.2,216.7,18.61538461538462,1.769230769230769,0.8461538461538461,5.37,317.9,35.22,2.31,4.08
3,Luke Altmyer,QB,Illinois,0,19.5,16,25,185,7.4,1,1,36.1,Penn State,60.8,6.3,1.7,7.8,8.32,12.9,209.0,1.692307692307692,0.4615384615384616,26.69230769230769,16.23076923076923,3.461538461538462,28.3,4.42,1.692307692307692,34.77,153.62,60.3,7.8,1.692307692307692,0.4615384615384616,27.2,211.2,5.89,364.8,1.75,16.5,3.05,0.625,33.38,101.88,60.0,6.5,29.7,192.9,17.8125,1.125,1.25,4.67,294.8,37.16,2.75,4.5
4,Luke Altmyer,QB,Illinois,1,-21.5,20,34,379,11.1,3,0,91.6,Purdue,60.8,6.3,1.7,7.8,8.32,12.9,209.0,1.692307692307692,0.4615384615384616,26.69230769230769,16.23076923076923,3.461538461538462,28.3,4.42,1.692307692307692,34.77,153.62,60.3,7.8,1.692307692307692,0.4615384615384616,27.2,211.2,5.89,364.8,5.333333333333333,39.9,5.08,2.75,39.33,200.0,65.9,9.2,27.6,252.7,18.16666666666667,2.25,0.3333333333333333,6.76,452.7,48.3,1.83,2.83
5,Luke Altmyer,QB,Illinois,1,5.5,9,18,80,4.4,1,0,75.8,Michigan,60.8,6.3,1.7,7.8,8.32,12.9,209.0,1.692307692307692,0.4615384615384616,26.69230769230769,16.23076923076923,3.461538461538462,28.3,4.42,1.692307692307692,34.77,153.62,60.3,7.8,1.692307692307692,0.4615384615384616,27.2,211.2,5.89,364.8,2.230769230769231,19.9,3.06,0.7692307692307693,29.62,90.69,60.1,6.4,33.5,216.3,20.15384615384615,1.461538461538461,0.9230769230769231,4.86,307.0,41.4,2.77,5.0
6,Luke Altmyer,QB,Illinois,0,22.5,17,35,161,4.6,0,2,17.6,Oregon,60.8,6.3,1.7,7.8,8.32,12.9,209.0,1.692307692307692,0.4615384615384616,26.69230769230769,16.23076923076923,3.461538461538462,28.3,4.42,1.692307692307692,34.77,153.62,60.3,7.8,1.692307692307692,0.4615384615384616,27.2,211.2,5.89,364.8,2.285714285714286,19.4,4.14,1.142857142857143,31.43,130.0,55.7,6.2,30.0,185.9,16.71428571428572,1.071428571428571,0.8571428571428571,5.14,315.9,33.7,2.86,5.36
7,Luke Altmyer,QB,Illinois,1,2.5,20,33,226,6.8,1,0,53.3,Minnesota,60.8,6.3,1.7,7.8,8.32,12.9,209.0,1.692307692307692,0.4615384615384616,26.69230769230769,16.23076923076923,3.461538461538462,28.3,4.42,1.692307692307692,34.77,153.62,60.3,7.8,1.692307692307692,0.4615384615384616,27.2,211.2,5.89,364.8,1.923076923076923,16.9,3.5,1.076923076923077,31.31,109.62,59.0,6.1,28.7,176.1,16.92307692307692,0.8461538461538461,1.307692307692308,4.76,285.7,38.95,2.15,5.85
8,Luke Altmyer,QB,Illinois,0,2.5,12,26,249,9.6,2,0,80.2,Rutgers,60.8,6.3,1.7,7.8,8.32,12.9,209.0,1.692307692307692,0.4615384615384616,26.69230769230769,16.23076923076923,3.461538461538462,28.3,4.42,1.692307692307692,34.77,153.62,60.3,7.8,1.692307692307692,0.4615384615384616,27.2,211.2,5.89,364.8,3.384615384615385,25.4,5.21,2.0,31.23,162.77,60.0,7.0,32.8,231.1,19.69230769230769,1.384615384615385,0.6153846153846154,6.15,393.8,43.1,1.69,4.54
9,Luke Altmyer,QB,Illinois,2,-8.5,10,17,170,10.0,1,2,26.4,Northwestern,60.8,6.3,1.7,7.8,8.32,12.9,209.0,1.692307692307692,0.4615384615384616,26.69230769230769,16.23076923076923,3.461538461538462,28.3,4.42,1.692307692307692,34.77,153.62,60.3,7.8,1.692307692307692,0.4615384615384616,27.2,211.2,5.89,364.8,3.166666666666667,26.3,4.0,1.833333333333333,32.5,129.92,62.7,7.1,32.6,231.8,20.41666666666667,1.25,0.8333333333333334,5.56,361.8,40.38,1.92,4.58
10,Kurtis Rourke,QB,Indiana,1,-25.5,15,24,180,7.5,1,0,48.4,Florida International,69.4,9.1,1.6,9.5,10.62,13.7,253.5,2.416666666666667,0.4166666666666667,26.66666666666667,18.5,5.538461538461538,41.3,4.37,2.846153846153846,37.77,165.08,68.1,9.4,2.538461538461538,0.4615384615384616,27.8,261.3,6.51,426.4,3.083333333333333,25.8,4.67,2.333333333333333,41.0,191.33,59.1,6.0,29.8,179.6,17.58333333333333,0.75,0.9166666666666666,5.24,370.9,32.16,1.5,3.42
11,Kurtis Rourke,QB,Indiana,0,-3.5,25,33,307,9.3,4,0,96.7,UCLA,69.4,9.1,1.6,9.5,10.62,13.7,253.5,2.416666666666667,0.4166666666666667,26.66666666666667,18.5,5.538461538461538,41.3,4.37,2.846153846153846,37.77,165.08,68.1,9.4,2.538461538461538,0.4615384615384616,27.8,261.3,6.51,426.4,3.0,25.3,3.34,1.416666666666667,28.75,96.17,65.5,7.1,34.3,244.7,22.41666666666667,1.583333333333333,0.8333333333333334,5.41,340.8,48.39,1.83,5.0
12,Kurtis Rourke,QB,Indiana,1,-28.5,16,20,258,12.9,1,0,98.7,Charlotte,69.4,9.1,1.6,9.5,10.62,13.7,253.5,2.416666666666667,0.4166666666666667,26.66666666666667,18.5,5.538461538461538,41.3,4.37,2.846153846153846,37.77,165.08,68.1,9.4,2.538461538461538,0.4615384615384616,27.8,261.3,6.51,426.4,4.5,35.1,5.23,2.416666666666667,40.25,210.33,60.1,7.8,28.6,222.8,17.16666666666667,1.5,0.8333333333333334,6.29,433.2,41.83,1.5,4.67
13,Kurtis Rourke,QB,Indiana,1,-7.5,22,33,359,10.9,3,2,73.6,Maryland,69.4,9.1,1.6,9.5,10.62,13.7,253.5,2.416666666666667,0.4166666666666667,26.66666666666667,18.5,5.538461538461538,41.3,4.37,2.846153846153846,37.77,165.08,68.1,9.4,2.538461538461538,0.4615384615384616,27.8,261.3,6.51,426.4,3.666666666666667,30.4,3.84,1.583333333333333,35.58,136.75,62.5,7.5,32.0,241.3,20.0,1.833333333333333,0.75,5.59,378.1,40.12,1.17,2.75
14,Kurtis Rourke,QB,Indiana,0,-12.5,25,33,380,11.5,3,0,96.5,Northwestern,69.4,9.1,1.6,9.5,10.62,13.7,253.5,2.416666666666667,0.4166666666666667,26.66666666666667,18.5,5.538461538461538,41.3,4.37,2.846153846153846,37.77,165.08,68.1,9.4,2.538461538461538,0.4615384615384616,27.8,261.3,6.51,426.4,3.166666666666667,26.3,4.0,1.833333333333333,32.5,129.92,62.7,7.1,32.6,231.8,20.41666666666667,1.25,0.8333333333333334,5.56,361.8,40.38,1.92,4.58
15,Kurtis Rourke,QB,Indiana,1,-6.5,17,21,189,9.0,1,1,88.9,Nebraska,69.4,9.1,1.6,9.5,10.62,13.7,253.5,2.416666666666667,0.4166666666666667,26.66666666666667,18.5,5.538461538461538,41.3,4.37,2.846153846153846,37.77,165.08,68.1,9.4,2.538461538461538,0.4615384615384616,27.8,261.3,6.51,426.4,2.461538461538462,19.5,3.37,0.6153846153846154,30.0,101.23,63.9,7.4,29.2,216.7,18.61538461538462,1.769230769230769,0.8461538461538461,5.37,317.9,35.22,2.31,4.08
16,Kurtis Rourke,QB,Indiana,1,-14.5,17,28,206,7.4,2,1,54.2,Michigan,69.4,9.1,1.6,9.5,10.62,13.7,253.5,2.416666666666667,0.4166666666666667,26.66666666666667,18.5,5.538461538461538,41.3,4.37,2.846153846153846,37.77,165.08,68.1,9.4,2.538461538461538,0.4615384615384616,27.8,261.3,6.51,426.4,2.230769230769231,19.9,3.06,0.7692307692307693,29.62,90.69,60.1,6.4,33.5,216.3,20.15384615384615,1.461538461538461,0.9230769230769231,4.86,307.0,41.4,2.77,5.0
17,Kurtis Rourke,QB,Indiana,1,-28.5,23,31,349,11.3,6,0,79.3,Purdue,69.4,9.1,1.6,9.5,10.62,13.7,253.5,2.416666666666667,0.4166666666666667,26.66666666666667,18.5,5.538461538461538,41.3,4.37,2.846153846153846,37.77,165.08,68.1,9.4,2.538461538461538,0.4615384615384616,27.8,261.3,6.51,426.4,5.333333333333333,39.9,5.08,2.75,39.33,200.0,65.9,9.2,27.6,252.7,18.16666666666667,2.25,0.3333333333333333,6.76,452.7,48.3,1.83,2.83
18,Cade McNamara,QB,Iowa,1,-23.5,19,23,176,7.7,0,0,41.6,Troy,60.5,3.5,2.9,5.9,5.3,9.8,127.1,0.75,0.625,21.5,13.0,3.307692307692307,27.7,5.12,2.307692307692307,38.54,197.23,62.7,6.6,0.7692307692307693,0.6153846153846154,20.0,131.6,5.62,328.8,3.25,28.4,4.31,2.0,33.75,145.33,66.9,8.0,27.7,221.6,18.5,1.083333333333333,0.5,5.97,366.9,36.62,1.58,3.25
19,Cade McNamara,QB,Iowa,0,-2.5,11,19,62,3.3,0,0,34.1,Minnesota,60.5,3.5,2.9,5.9,5.3,9.8,127.1,0.75,0.625,21.5,13.0,3.307692307692307,27.7,5.12,2.307692307692307,38.54,197.23,62.7,6.6,0.7692307692307693,0.6153846153846154,20.0,131.6,5.62,328.8,1.923076923076923,16.9,3.5,1.076923076923077,31.31,109.62,59.0,6.1,28.7,176.1,16.92307692307692,0.8461538461538461,1.307692307692308,4.76,285.7,38.95,2.15,5.85
20,Cade McNamara,QB,Iowa,1,-2.5,8,14,108,7.7,2,0,67.9,Washington,60.5,3.5,2.9,5.9,5.3,9.8,127.1,0.75,0.625,21.5,13.0,3.307692307692307,27.7,5.12,2.307692307692307,38.54,197.23,62.7,6.6,0.7692307692307693,0.6153846153846154,20.0,131.6,5.62,328.8,2.923076923076923,23.8,4.56,1.538461538461539,35.46,161.85,55.7,5.7,29.0,166.5,16.15384615384615,1.230769230769231,0.6153846153846154,5.09,328.4,43.82,1.54,4.46
21,Brendan Sullivan,QB,Iowa,1,-16.5,9,14,80,5.7,0,0,72.3,Northwestern,71.7,5.7,5.7,9.0,7.55,12.5,47.5,0.3,0.3,5.3,3.8,3.307692307692307,27.7,5.12,2.307692307692307,38.54,197.23,62.7,6.6,0.7692307692307693,0.6153846153846154,20.0,131.6,5.62,328.8,3.166666666666667,26.3,4.0,1.833333333333333,32.5,129.92,62.7,7.1,32.6,231.8,20.41666666666667,1.25,0.8333333333333334,5.56,361.8,40.38,1.92,4.58
22,Cade McNamara,QB,Iowa,1,-16.5,7,13,73,5.6,0,1,17.8,Northwestern,60.5,3.5,2.9,5.9,5.3,9.8,127.1,0.75,0.625,21.5,13.0,3.307692307692307,27.7,5.12,2.307692307692307,38.54,197.23,62.7,6.6,0.7692307692307693,0.6153846153846154,20.0,131.6,5.62,328.8,3.166666666666667,26.3,4.0,1.833333333333333,32.5,129.92,62.7,7.1,32.6,231.8,20.41666666666667,1.25,0.8333333333333334,5.56,361.8,40.38,1.92,4.58
23,Brendan Sullivan,QB,Iowa,1,-2.5,7,10,93,9.3,1,0,74.7,Wisconsin,71.7,5.7,5.7,9.0,7.55,12.5,47.5,0.3,0.3,5.3,3.8,3.307692307692307,27.7,5.12,2.307692307692307,38.54,197.23,62.7,6.6,0.7692307692307693,0.6153846153846154,20.0,131.6,5.62,328.8,2.833333333333333,23.1,4.63,1.666666666666667,35.67,165.0,62.5,6.6,26.9,177.7,16.83333333333333,1.0,0.3333333333333333,5.48,342.7,39.24,1.42,3.42
24,Brendan Sullivan,QB,Iowa,0,-6.5,6,9,157,17.4,0,2,22.7,UCLA,71.7,5.7,5.7,9.0,7.55,12.5,47.5,0.3,0.3,5.3,3.8,3.307692307692307,27.7,5.12,2.307692307692307,38.54,197.23,62.7,6.6,0.7692307692307693,0.6153846153846154,20.0,131.6,5.62,328.8,3.0,25.3,3.34,1.416666666666667,28.75,96.17,65.5,7.1,34.3,244.7,22.41666666666667,1.583333333333333,0.8333333333333334,5.41,340.8,48.39,1.83,5.0
25,Jackson Stratton,QB,Iowa,0,-6.5,3,6,28,4.7,0,0,77.2,UCLA,60.0,2.9,0.0,6.3,6.83,10.4,73.0,0.3333333333333333,0.0,11.66666666666667,7.0,3.307692307692307,27.7,5.12,2.307692307692307,38.54,197.23,62.7,6.6,0.7692307692307693,0.6153846153846154,20.0,131.6,5.62,328.8,3.0,25.3,3.34,1.416666666666667,28.75,96.17,65.5,7.1,34.3,244.7,22.41666666666667,1.583333333333333,0.8333333333333334,5.41,340.8,48.39,1.83,5.0
26,Jackson Stratton,QB,Iowa,0,-4.5,10,14,76,5.4,0,0,73.0,Maryland,60.0,2.9,0.0,6.3,6.83,10.4,73.0,0.3333333333333333,0.0,11.66666666666667,7.0,3.307692307692307,27.7,5.12,2.307692307692307,38.54,197.23,62.7,6.6,0.7692307692307693,0.6153846153846154,20.0,131.6,5.62,328.8,3.666666666666667,30.4,3.84,1.583333333333333,35.58,136.75,62.5,7.5,32.0,241.3,20.0,1.833333333333333,0.75,5.59,378.1,40.12,1.17,2.75
27,Jackson Stratton,QB,Iowa,1,-3.5,8,15,115,7.7,1,0,23.5,Nebraska,60.0,2.9,0.0,6.3,6.83,10.4,73.0,0.3333333333333333,0.0,11.66666666666667,7.0,3.307692307692307,27.7,5.12,2.307692307692307,38.54,197.23,62.7,6.6,0.7692307692307693,0.6153846153846154,20.0,131.6,5.62,328.8,2.461538461538462,19.5,3.37,0.6153846153846154,30.0,101.23,63.9,7.4,29.2,216.7,18.61538461538462,1.769230769230769,0.8461538461538461,5.37,317.9,35.22,2.31,4.08
28,MJ Morris,QB,Maryland,0,5.5,7,8,122,15.3,2,0,99.3,Minnesota,59.0,8.2,8.2,5.7,3.69,9.7,50.0,0.7142857142857143,0.7142857142857143,8.714285714285714,5.142857142857143,3.0,23.7,3.58,1.25,30.83,110.42,63.8,6.7,1.75,1.166666666666667,41.2,275.7,5.36,386.1,1.923076923076923,16.9,3.5,1.076923076923077,31.31,109.62,59.0,6.1,28.7,176.1,16.92307692307692,0.8461538461538461,1.307692307692308,4.76,285.7,38.95,2.15,5.85
29,MJ Morris,QB,Maryland,1,4.5,12,23,103,4.5,2,2,43.7,Iowa,59.0,8.2,8.2,5.7,3.69,9.7,50.0,0.7142857142857143,0.7142857142857143,8.714285714285714,5.142857142857143,3.0,23.7,3.58,1.25,30.83,110.42,63.8,6.7,1.75,1.166666666666667,41.2,275.7,5.36,386.1,2.076923076923077,17.8,3.69,0.3076923076923077,31.23,115.31,61.9,6.3,32.3,203.1,20.0,1.538461538461539,1.230769230769231,5.01,318.4,36.42,2.23,4.54
30,MJ Morris,QB,Maryland,0,26.5,14,24,112,4.7,1,3,12.3,Penn State,59.0,8.2,8.2,5.7,3.69,9.7,50.0,0.7142857142857143,0.7142857142857143,8.714285714285714,5.142857142857143,3.0,23.7,3.58,1.25,30.83,110.42,63.8,6.7,1.75,1.166666666666667,41.2,275.7,5.36,386.1,1.75,16.5,3.05,0.625,33.38,101.88,60.0,6.5,29.7,192.9,17.8125,1.125,1.25,4.67,294.8,37.16,2.75,4.5
31,Davis Warren,QB,Michigan,1,-20.5,15,25,118,4.7,1,1,41.1,Fresno State,64.1,3.3,4.3,5.7,4.47,8.9,133.2,0.7777777777777778,1.0,23.22222222222222,14.88888888888889,2.461538461538462,22.0,4.2,1.384615384615385,37.38,157.15,61.7,5.4,0.9230769230769231,1.0,23.7,129.1,4.69,286.2,3.0,24.8,3.82,1.076923076923077,36.46,139.38,54.6,6.0,36.1,216.2,19.69230769230769,1.615384615384615,1.153846153846154,4.9,355.6,35.26,1.85,5.15
32,Davis Warren,QB,Michigan,1,6.5,22,33,204,6.2,1,2,57.9,Texas,64.1,3.3,4.3,5.7,4.47,8.9,133.2,0.7777777777777778,1.0,23.22222222222222,14.88888888888889,2.461538461538462,22.0,4.2,1.384615384615385,37.38,157.15,61.7,5.4,0.9230769230769231,1.0,23.7,129.1,4.69,286.2,1.6875,15.3,3.24,0.9375,33.88,109.63,59.7,5.7,30.6,173.8,18.25,0.5625,1.375,4.4,283.4,31.42,2.88,5.38
33,Davis Warren,QB,Michigan,1,-24.0,11,14,122,8.7,0,3,16.8,Arkansas State,64.1,3.3,4.3,5.7,4.47,8.9,133.2,0.7777777777777778,1.0,23.22222222222222,14.88888888888889,2.461538461538462,22.0,4.2,1.384615384615385,37.38,157.15,61.7,5.4,0.9230769230769231,1.0,23.7,129.1,4.69,286.2,4.230769230769231,32.2,5.7,2.461538461538462,37.15,211.69,63.0,8.4,29.9,250.1,18.84615384615385,1.769230769230769,1.076923076923077,6.88,461.8,47.53,1.46,3.77
34,Alex Orji,QB,Michigan,1,4.5,7,12,32,2.7,0,0,23.5,USC,53.2,6.4,4.3,3.2,2.55,6.0,13.6,0.2727272727272727,0.1818181818181818,4.272727272727272,2.272727272727273,2.461538461538462,22.0,4.2,1.384615384615385,37.38,157.15,61.7,5.4,0.9230769230769231,1.0,23.7,129.1,4.69,286.2,2.923076923076923,24.1,4.54,1.461538461538461,31.08,141.23,67.7,7.0,33.6,235.8,22.76923076923077,1.153846153846154,0.9230769230769231,5.83,377.1,33.53,1.62,4.31
35,Alex Orji,QB,Michigan,1,-10.5,10,18,86,4.8,1,1,64.8,Minnesota,53.2,6.4,4.3,3.2,2.55,6.0,13.6,0.2727272727272727,0.1818181818181818,4.272727272727272,2.272727272727273,2.461538461538462,22.0,4.2,1.384615384615385,37.38,157.15,61.7,5.4,0.9230769230769231,1.0,23.7,129.1,4.69,286.2,1.923076923076923,16.9,3.5,1.076923076923077,31.31,109.62,59.0,6.1,28.7,176.1,16.92307692307692,0.8461538461538461,1.307692307692308,4.76,285.7,38.95,2.15,5.85
36,Jack Tuttle,QB,Michigan,0,1.5,10,18,98,5.4,1,1,50.3,Washington,60.0,2.0,4.0,6.1,4.72,10.2,153.0,0.5,1.0,25.0,15.0,2.461538461538462,22.0,4.2,1.384615384615385,37.38,157.15,61.7,5.4,0.9230769230769231,1.0,23.7,129.1,4.69,286.2,2.923076923076923,23.8,4.56,1.538461538461539,35.46,161.85,55.7,5.7,29.0,166.5,16.15384615384615,1.230769230769231,0.6153846153846154,5.09,328.4,43.82,1.54,4.46
37,Alex Orji,QB,Michigan,0,1.5,3,7,15,2.1,0,0,24.5,Washington,53.2,6.4,4.3,3.2,2.55,6.0,13.6,0.2727272727272727,0.1818181818181818,4.272727272727272,2.272727272727273,2.461538461538462,22.0,4.2,1.384615384615385,37.38,157.15,61.7,5.4,0.9230769230769231,1.0,23.7,129.1,4.69,286.2,2.923076923076923,23.8,4.56,1.538461538461539,35.46,161.85,55.7,5.7,29.0,166.5,16.15384615384615,1.230769230769231,0.6153846153846154,5.09,328.4,43.82,1.54,4.46
38,Jack Tuttle,QB,Michigan,0,-5.5,20,32,208,6.5,0,1,21.2,Illinois,60.0,2.0,4.0,6.1,4.72,10.2,153.0,0.5,1.0,25.0,15.0,2.461538461538462,22.0,4.2,1.384615384615385,37.38,157.15,61.7,5.4,0.9230769230769231,1.0,23.7,129.1,4.69,286.2,2.538461538461538,21.7,4.37,0.9230769230769231,33.92,148.38,59.0,6.6,34.2,224.8,20.15384615384615,1.461538461538461,0.9230769230769231,5.48,373.2,44.94,2.39,4.0
39,Davis Warren,QB,Michigan,1,14.5,13,23,165,7.2,2,0,84.5,Oregon,64.1,3.3,4.3,5.7,4.47,8.9,133.2,0.7777777777777778,1.0,23.22222222222222,14.88888888888889,2.461538461538462,22.0,4.2,1.384615384615385,37.38,157.15,61.7,5.4,0.9230769230769231,1.0,23.7,129.1,4.69,286.2,2.285714285714286,19.4,4.14,1.142857142857143,31.43,130.0,55.7,6.2,30.0,185.9,16.71428571428572,1.071428571428571,0.8571428571428571,5.14,315.9,33.7,2.86,5.36
40,Davis Warren,QB,Michigan,0,14.5,16,32,137,4.3,0,0,23.4,Indiana,64.1,3.3,4.3,5.7,4.47,8.9,133.2,0.7777777777777778,1.0,23.22222222222222,14.88888888888889,2.461538461538462,22.0,4.2,1.384615384615385,37.38,157.15,61.7,5.4,0.9230769230769231,1.0,23.7,129.1,4.69,286.2,1.846153846153846,15.6,2.74,0.9230769230769231,29.31,80.23,62.5,5.8,30.5,176.1,19.07692307692308,0.8461538461538461,1.153846153846154,4.28,256.3,32.74,2.69,4.46
41,Davis Warren,QB,Michigan,1,-10.5,26,35,195,5.6,1,1,72.9,Northwestern,64.1,3.3,4.3,5.7,4.47,8.9,133.2,0.7777777777777778,1.0,23.22222222222222,14.88888888888889,2.461538461538462,22.0,4.2,1.384615384615385,37.38,157.15,61.7,5.4,0.9230769230769231,1.0,23.7,129.1,4.69,286.2,3.166666666666667,26.3,4.0,1.833333333333333,32.5,129.92,62.7,7.1,32.6,231.8,20.41666666666667,1.25,0.8333333333333334,5.56,361.8,40.38,1.92,4.58
42,Max Brosmer,QB,Minnesota,1,-17.5,16,26,191,7.3,1,1,39.9,Nevada,66.5,4.5,1.5,7.0,7.24,10.6,217.5,1.384615384615385,0.4615384615384616,31.0,20.61538461538462,3.076923076923077,26.2,3.72,1.384615384615385,31.08,115.62,66.3,7.0,1.538461538461539,0.4615384615384616,31.7,222.2,5.38,337.8,3.538461538461538,28.8,5.05,2.384615384615385,38.15,192.85,60.5,7.4,26.7,198.6,16.15384615384615,1.0,0.8461538461538461,6.04,391.5,52.73,1.08,4.38
43,Max Brosmer,QB,Minnesota,1,2.5,22,37,209,5.6,2,2,47.7,Iowa,66.5,4.5,1.5,7.0,7.24,10.6,217.5,1.384615384615385,0.4615384615384616,31.0,20.61538461538462,3.076923076923077,26.2,3.72,1.384615384615385,31.08,115.62,66.3,7.0,1.538461538461539,0.4615384615384616,31.7,222.2,5.38,337.8,2.076923076923077,17.8,3.69,0.3076923076923077,31.23,115.31,61.9,6.3,32.3,203.1,20.0,1.538461538461539,1.230769230769231,5.01,318.4,36.42,2.23,4.54
44,Max Brosmer,QB,Minnesota,0,10.5,27,40,258,6.5,1,1,68.4,Michigan,66.5,4.5,1.5,7.0,7.24,10.6,217.5,1.384615384615385,0.4615384615384616,31.0,20.61538461538462,3.076923076923077,26.2,3.72,1.384615384615385,31.08,115.62,66.3,7.0,1.538461538461539,0.4615384615384616,31.7,222.2,5.38,337.8,2.230769230769231,19.9,3.06,0.7692307692307693,29.62,90.69,60.1,6.4,33.5,216.3,20.15384615384615,1.461538461538461,0.9230769230769231,4.86,307.0,41.4,2.77,5.0
45,Max Brosmer,QB,Minnesota,1,9.5,15,19,169,8.9,0,0,88.9,USC,66.5,4.5,1.5,7.0,7.24,10.6,217.5,1.384615384615385,0.4615384615384616,31.0,20.61538461538462,3.076923076923077,26.2,3.72,1.384615384615385,31.08,115.62,66.3,7.0,1.538461538461539,0.4615384615384616,31.7,222.2,5.38,337.8,2.923076923076923,24.1,4.54,1.461538461538461,31.08,141.23,67.7,7.0,33.6,235.8,22.76923076923077,1.153846153846154,0.9230769230769231,5.83,377.1,33.53,1.62,4.31
46,Max Brosmer,QB,Minnesota,0,-3.5,26,37,193,5.2,2,0,71.5,UCLA,66.5,4.5,1.5,7.0,7.24,10.6,217.5,1.384615384615385,0.4615384615384616,31.0,20.61538461538462,3.076923076923077,26.2,3.72,1.384615384615385,31.08,115.62,66.3,7.0,1.538461538461539,0.4615384615384616,31.7,222.2,5.38,337.8,3.0,25.3,3.34,1.416666666666667,28.75,96.17,65.5,7.1,34.3,244.7,22.41666666666667,1.583333333333333,0.8333333333333334,5.41,340.8,48.39,1.83,5.0
47,Max Brosmer,QB,Minnesota,1,-5.5,26,33,320,9.7,4,0,97.2,Maryland,66.5,4.5,1.5,7.0,7.24,10.6,217.5,1.384615384615385,0.4615384615384616,31.0,20.61538461538462,3.076923076923077,26.2,3.72,1.384615384615385,31.08,115.62,66.3,7.0,1.538461538461539,0.4615384615384616,31.7,222.2,5.38,337.8,3.666666666666667,30.4,3.84,1.583333333333333,35.58,136.75,62.5,7.5,32.0,241.3,20.0,1.833333333333333,0.75,5.59,378.1,40.12,1.17,2.75
48,Max Brosmer,QB,Minnesota,0,-2.5,22,37,213,5.8,1,0,55.8,Illinois,66.5,4.5,1.5,7.0,7.24,10.6,217.5,1.384615384615385,0.4615384615384616,31.0,20.61538461538462,3.076923076923077,26.2,3.72,1.384615384615385,31.08,115.62,66.3,7.0,1.538461538461539,0.4615384615384616,31.7,222.2,5.38,337.8,2.538461538461538,21.7,4.37,0.9230769230769231,33.92,148.38,59.0,6.6,34.2,224.8,20.15384615384615,1.461538461538461,0.9230769230769231,5.48,373.2,44.94,2.39,4.0
49,Max Brosmer,QB,Minnesota,0,-6.5,27,45,262,5.8,1,0,46.2,Rutgers,66.5,4.5,1.5,7.0,7.24,10.6,217.5,1.384615384615385,0.4615384615384616,31.0,20.61538461538462,3.076923076923077,26.2,3.72,1.384615384615385,31.08,115.62,66.3,7.0,1.538461538461539,0.4615384615384616,31.7,222.2,5.38,337.8,3.384615384615385,25.4,5.21,2.0,31.23,162.77,60.0,7.0,32.8,231.1,19.69230769230769,1.384615384615385,0.6153846153846154,6.15,393.8,43.1,1.69,4.54
50,Max Brosmer,QB,Minnesota,1,11.5,15,23,175,7.6,1,1,62.2,Penn State,66.5,4.5,1.5,7.0,7.24,10.6,217.5,1.384615384615385,0.4615384615384616,31.0,20.61538461538462,3.076923076923077,26.2,3.72,1.384615384615385,31.08,115.62,66.3,7.0,1.538461538461539,0.4615384615384616,31.7,222.2,5.38,337.8,1.75,16.5,3.05,0.625,33.38,101.88,60.0,6.5,29.7,192.9,17.8125,1.125,1.25,4.67,294.8,37.16,2.75,4.5
51,Max Brosmer,QB,Minnesota,0,-1.5,17,26,191,7.3,2,0,79.5,Wisconsin,66.5,4.5,1.5,7.0,7.24,10.6,217.5,1.384615384615385,0.4615384615384616,31.0,20.61538461538462,3.076923076923077,26.2,3.72,1.384615384615385,31.08,115.62,66.3,7.0,1.538461538461539,0.4615384615384616,31.7,222.2,5.38,337.8,2.833333333333333,23.1,4.63,1.666666666666667,35.67,165.0,62.5,6.6,26.9,177.7,16.83333333333333,1.0,0.3333333333333333,5.48,342.7,39.24,1.42,3.42
52,Dylan Raiola,QB,Nebraska,1,-27.5,19,27,238,8.8,2,0,81.6,UTEP,67.1,3.2,2.7,6.9,6.3,10.3,216.8,1.0,0.8461538461538461,31.53846153846154,21.15384615384615,2.923076923076923,23.5,3.79,1.692307692307692,34.46,130.62,66.2,6.8,1.0,0.9230769230769231,33.5,228.4,5.29,359.0,4.083333333333333,32.3,4.3,2.083333333333333,41.75,179.33,61.4,7.6,29.3,223.2,18.0,1.916666666666667,0.9166666666666666,5.66,402.5,40.0,3.0,4.17
53,Dylan Raiola,QB,Nebraska,1,-6.5,23,30,185,6.2,1,0,77.1,Colorado,67.1,3.2,2.7,6.9,6.3,10.3,216.8,1.0,0.8461538461538461,31.53846153846154,21.15384615384615,2.923076923076923,23.5,3.79,1.692307692307692,34.46,130.62,66.2,6.8,1.0,0.9230769230769231,33.5,228.4,5.29,359.0,2.769230769230769,23.1,3.87,1.307692307692308,39.15,151.38,58.3,6.6,30.2,200.5,17.61538461538462,1.230769230769231,1.153846153846154,5.07,351.9,39.15,3.0,5.46
54,Dylan Raiola,QB,Nebraska,1,-9.5,24,35,297,8.5,3,1,59.0,Illinois,67.1,3.2,2.7,6.9,6.3,10.3,216.8,1.0,0.8461538461538461,31.53846153846154,21.15384615384615,2.923076923076923,23.5,3.79,1.692307692307692,34.46,130.62,66.2,6.8,1.0,0.9230769230769231,33.5,228.4,5.29,359.0,2.538461538461538,21.7,4.37,0.9230769230769231,33.92,148.38,59.0,6.6,34.2,224.8,20.15384615384615,1.461538461538461,0.9230769230769231,5.48,373.2,44.94,2.39,4.0
55,Dylan Raiola,QB,Nebraska,0,-10.5,17,27,257,9.5,1,0,78.4,Purdue,67.1,3.2,2.7,6.9,6.3,10.3,216.8,1.0,0.8461538461538461,31.53846153846154,21.15384615384615,2.923076923076923,23.5,3.79,1.692307692307692,34.46,130.62,66.2,6.8,1.0,0.9230769230769231,33.5,228.4,5.29,359.0,5.333333333333333,39.9,5.08,2.75,39.33,200.0,65.9,9.2,27.6,252.7,18.16666666666667,2.25,0.3333333333333333,6.76,452.7,48.3,1.83,2.83
56,Dylan Raiola,QB,Nebraska,1,-5.5,13,27,134,5.0,0,1,7.0,Rutgers,67.1,3.2,2.7,6.9,6.3,10.3,216.8,1.0,0.8461538461538461,31.53846153846154,21.15384615384615,2.923076923076923,23.5,3.79,1.692307692307692,34.46,130.62,66.2,6.8,1.0,0.9230769230769231,33.5,228.4,5.29,359.0,3.384615384615385,25.4,5.21,2.0,31.23,162.77,60.0,7.0,32.8,231.1,19.69230769230769,1.384615384615385,0.6153846153846154,6.15,393.8,43.1,1.69,4.54
57,Dylan Raiola,QB,Nebraska,0,6.5,28,44,234,5.3,0,3,70.3,Indiana,67.1,3.2,2.7,6.9,6.3,10.3,216.8,1.0,0.8461538461538461,31.53846153846154,21.15384615384615,2.923076923076923,23.5,3.79,1.692307692307692,34.46,130.62,66.2,6.8,1.0,0.9230769230769231,33.5,228.4,5.29,359.0,1.846153846153846,15.6,2.74,0.9230769230769231,29.31,80.23,62.5,5.8,30.5,176.1,19.07692307692308,0.8461538461538461,1.153846153846154,4.28,256.3,32.74,2.69,4.46
58,Dylan Raiola,QB,Nebraska,1,-8.5,14,27,177,6.6,1,1,11.9,UCLA,67.1,3.2,2.7,6.9,6.3,10.3,216.8,1.0,0.8461538461538461,31.53846153846154,21.15384615384615,2.923076923076923,23.5,3.79,1.692307692307692,34.46,130.62,66.2,6.8,1.0,0.9230769230769231,33.5,228.4,5.29,359.0,3.0,25.3,3.34,1.416666666666667,28.75,96.17,65.5,7.1,34.3,244.7,22.41666666666667,1.583333333333333,0.8333333333333334,5.41,340.8,48.39,1.83,5.0
59,Heinrich Haarberg,QB,Nebraska,1,-8.5,2,7,32,4.6,0,1,16.5,UCLA,55.6,0.0,5.6,5.6,3.11,10.1,8.4,0.0,0.08333333333333333,1.5,0.8333333333333334,2.923076923076923,23.5,3.79,1.692307692307692,34.46,130.62,66.2,6.8,1.0,0.9230769230769231,33.5,228.4,5.29,359.0,3.0,25.3,3.34,1.416666666666667,28.75,96.17,65.5,7.1,34.3,244.7,22.41666666666667,1.583333333333333,0.8333333333333334,5.41,340.8,48.39,1.83,5.0
60,Dylan Raiola,QB,Nebraska,0,6.5,27,38,191,5.0,1,2,47.0,USC,67.1,3.2,2.7,6.9,6.3,10.3,216.8,1.0,0.8461538461538461,31.53846153846154,21.15384615384615,2.923076923076923,23.5,3.79,1.692307692307692,34.46,130.62,66.2,6.8,1.0,0.9230769230769231,33.5,228.4,5.29,359.0,2.923076923076923,24.1,4.54,1.461538461538461,31.08,141.23,67.7,7.0,33.6,235.8,22.76923076923077,1.153846153846154,0.9230769230769231,5.83,377.1,33.53,1.62,4.31
61,Dylan Raiola,QB,Nebraska,1,-1.5,28,38,293,7.7,1,0,84.4,Wisconsin,67.1,3.2,2.7,6.9,6.3,10.3,216.8,1.0,0.8461538461538461,31.53846153846154,21.15384615384615,2.923076923076923,23.5,3.79,1.692307692307692,34.46,130.62,66.2,6.8,1.0,0.9230769230769231,33.5,228.4,5.29,359.0,2.833333333333333,23.1,4.63,1.666666666666667,35.67,165.0,62.5,6.6,26.9,177.7,16.83333333333333,1.0,0.3333333333333333,5.48,342.7,39.24,1.42,3.42
62,Dylan Raiola,QB,Nebraska,0,3.5,22,32,190,5.9,0,0,72.0,Iowa,67.1,3.2,2.7,6.9,6.3,10.3,216.8,1.0,0.8461538461538461,31.53846153846154,21.15384615384615,2.923076923076923,23.5,3.79,1.692307692307692,34.46,130.62,66.2,6.8,1.0,0.9230769230769231,33.5,228.4,5.29,359.0,2.076923076923077,17.8,3.69,0.3076923076923077,31.23,115.31,61.9,6.3,32.3,203.1,20.0,1.538461538461539,1.230769230769231,5.01,318.4,36.42,2.23,4.54
63,Jack Lausch,QB,Northwestern,0,10.0,8,27,53,2.0,0,2,3.1,Washington,53.7,2.4,2.7,5.8,5.05,10.8,171.4,0.7,0.8,29.6,15.9,1.916666666666667,17.8,3.33,1.0,29.58,98.5,53.7,5.7,0.5833333333333334,0.9166666666666666,32.6,185.9,4.58,284.4,2.923076923076923,23.8,4.56,1.538461538461539,35.46,161.85,55.7,5.7,29.0,166.5,16.15384615384615,1.230769230769231,0.6153846153846154,5.09,328.4,43.82,1.54,4.46
64,Jack Lausch,QB,Northwestern,1,12.5,23,38,243,6.4,2,0,76.0,Indiana,53.7,2.4,2.7,5.8,5.05,10.8,171.4,0.7,0.8,29.6,15.9,1.916666666666667,17.8,3.33,1.0,29.58,98.5,53.7,5.7,0.5833333333333334,0.9166666666666666,32.6,185.9,4.58,284.4,1.846153846153846,15.6,2.74,0.9230769230769231,29.31,80.23,62.5,5.8,30.5,176.1,19.07692307692308,0.8461538461538461,1.153846153846154,4.28,256.3,32.74,2.69,4.46
65,Jack Lausch,QB,Northwestern,0,10.5,10,18,203,11.3,0,0,79.2,Maryland,53.7,2.4,2.7,5.8,5.05,10.8,171.4,0.7,0.8,29.6,15.9,1.916666666666667,17.8,3.33,1.0,29.58,98.5,53.7,5.7,0.5833333333333334,0.9166666666666666,32.6,185.9,4.58,284.4,3.666666666666667,30.4,3.84,1.583333333333333,35.58,136.75,62.5,7.5,32.0,241.3,20.0,1.833333333333333,0.75,5.59,378.1,40.12,1.17,2.75
66,Jack Lausch,QB,Northwestern,1,9.5,9,24,82,3.4,0,0,23.0,Wisconsin,53.7,2.4,2.7,5.8,5.05,10.8,171.4,0.7,0.8,29.6,15.9,1.916666666666667,17.8,3.33,1.0,29.58,98.5,53.7,5.7,0.5833333333333334,0.9166666666666666,32.6,185.9,4.58,284.4,2.833333333333333,23.1,4.63,1.666666666666667,35.67,165.0,62.5,6.6,26.9,177.7,16.83333333333333,1.0,0.3333333333333333,5.48,342.7,39.24,1.42,3.42
67,Jack Lausch,QB,Northwestern,0,16.5,10,19,62,3.3,0,2,9.9,Iowa,53.7,2.4,2.7,5.8,5.05,10.8,171.4,0.7,0.8,29.6,15.9,1.916666666666667,17.8,3.33,1.0,29.58,98.5,53.7,5.7,0.5833333333333334,0.9166666666666666,32.6,185.9,4.58,284.4,2.076923076923077,17.8,3.69,0.3076923076923077,31.23,115.31,61.9,6.3,32.3,203.1,20.0,1.538461538461539,1.230769230769231,5.01,318.4,36.42,2.23,4.54
68,Ryan Hilinski,QB,Northwestern,0,16.5,5,8,58,7.3,0,0,6.7,Iowa,60.0,0.0,6.7,8.1,5.07,13.4,30.3,0.0,0.25,3.75,2.25,1.916666666666667,17.8,3.33,1.0,29.58,98.5,53.7,5.7,0.5833333333333334,0.9166666666666666,32.6,185.9,4.58,284.4,2.076923076923077,17.8,3.69,0.3076923076923077,31.23,115.31,61.9,6.3,32.3,203.1,20.0,1.538461538461539,1.230769230769231,5.01,318.4,36.42,2.23,4.54
69,Jack Lausch,QB,Northwestern,0,3.5,23,35,250,7.1,1,0,52.1,Purdue,53.7,2.4,2.7,5.8,5.05,10.8,171.4,0.7,0.8,29.6,15.9,1.916666666666667,17.8,3.33,1.0,29.58,98.5,53.7,5.7,0.5833333333333334,0.9166666666666666,32.6,185.9,4.58,284.4,5.333333333333333,39.9,5.08,2.75,39.33,200.0,65.9,9.2,27.6,252.7,18.16666666666667,2.25,0.3333333333333333,6.76,452.7,48.3,1.83,2.83
70,Jack Lausch,QB,Northwestern,0,10.5,10,21,106,5.0,0,2,13.3,Michigan,53.7,2.4,2.7,5.8,5.05,10.8,171.4,0.7,0.8,29.6,15.9,1.916666666666667,17.8,3.33,1.0,29.58,98.5,53.7,5.7,0.5833333333333334,0.9166666666666666,32.6,185.9,4.58,284.4,2.230769230769231,19.9,3.06,0.7692307692307693,29.62,90.69,60.1,6.4,33.5,216.3,20.15384615384615,1.461538461538461,0.9230769230769231,4.86,307.0,41.4,2.77,5.0
71,Jack Lausch,QB,Northwestern,2,8.5,25,48,287,6.0,2,2,52.1,Illinois,53.7,2.4,2.7,5.8,5.05,10.8,171.4,0.7,0.8,29.6,15.9,1.916666666666667,17.8,3.33,1.0,29.58,98.5,53.7,5.7,0.5833333333333334,0.9166666666666666,32.6,185.9,4.58,284.4,2.538461538461538,21.7,4.37,0.9230769230769231,33.92,148.38,59.0,6.6,34.2,224.8,20.15384615384615,1.461538461538461,0.9230769230769231,5.48,373.2,44.94,2.39,4.0
72,Will Howard,QB,Ohio State,1,-48.5,17,28,228,8.1,3,0,66.2,Akron,73.0,8.3,2.4,9.5,10.07,13.0,250.6,2.1875,0.625,26.4375,19.3125,4.75,35.7,4.99,2.125,33.38,166.38,71.4,9.2,2.3125,0.625,28.4,263.0,6.95,429.4,4.166666666666667,32.0,4.62,1.916666666666667,39.67,183.33,64.4,8.1,28.6,231.1,18.41666666666667,2.0,0.25,6.07,414.4,38.65,1.5,3.67
73,Will Howard,QB,Ohio State,1,-37.5,18,26,292,11.2,1,0,89.1,Western Michigan,73.0,8.3,2.4,9.5,10.07,13.0,250.6,2.1875,0.625,26.4375,19.3125,4.75,35.7,4.99,2.125,33.38,166.38,71.4,9.2,2.3125,0.625,28.4,263.0,6.95,429.4,4.0,31.3,5.0,2.153846153846154,38.46,192.46,61.3,8.4,26.5,222.6,16.23076923076923,1.538461538461539,0.6153846153846154,6.39,415.1,42.68,1.46,4.69
74,Will Howard,QB,Ohio State,1,-40.5,16,20,275,13.8,2,1,98.3,Marshall,73.0,8.3,2.4,9.5,10.07,13.0,250.6,2.1875,0.625,26.4375,19.3125,4.75,35.7,4.99,2.125,33.38,166.38,71.4,9.2,2.3125,0.625,28.4,263.0,6.95,429.4,2.846153846153846,23.1,4.42,1.615384615384615,40.54,179.0,57.3,6.8,29.4,199.1,16.84615384615385,1.153846153846154,1.0,5.41,378.1,31.55,2.77,5.15
75,Will Howard,QB,Ohio State,1,-17.5,21,25,209,8.4,4,1,82.9,Iowa,73.0,8.3,2.4,9.5,10.07,13.0,250.6,2.1875,0.625,26.4375,19.3125,4.75,35.7,4.99,2.125,33.38,166.38,71.4,9.2,2.3125,0.625,28.4,263.0,6.95,429.4,2.076923076923077,17.8,3.69,0.3076923076923077,31.23,115.31,61.9,6.3,32.3,203.1,20.0,1.538461538461539,1.230769230769231,5.01,318.4,36.42,2.23,4.54
76,Will Howard,QB,Ohio State,0,-3.5,28,35,326,9.3,2,0,95.0,Oregon,73.0,8.3,2.4,9.5,10.07,13.0,250.6,2.1875,0.625,26.4375,19.3125,4.75,35.7,4.99,2.125,33.38,166.38,71.4,9.2,2.3125,0.625,28.4,263.0,6.95,429.4,2.285714285714286,19.4,4.14,1.142857142857143,31.43,130.0,55.7,6.2,30.0,185.9,16.71428571428572,1.071428571428571,0.8571428571428571,5.14,315.9,33.7,2.86,5.36
77,Will Howard,QB,Ohio State,1,-25.5,13,16,221,13.8,3,1,71.5,Nebraska,73.0,8.3,2.4,9.5,10.07,13.0,250.6,2.1875,0.625,26.4375,19.3125,4.75,35.7,4.99,2.125,33.38,166.38,71.4,9.2,2.3125,0.625,28.4,263.0,6.95,429.4,2.461538461538462,19.5,3.37,0.6153846153846154,30.0,101.23,63.9,7.4,29.2,216.7,18.61538461538462,1.769230769230769,0.8461538461538461,5.37,317.9,35.22,2.31,4.08
78,Will Howard,QB,Ohio State,0,-3.5,16,24,182,7.6,2,1,70.7,Penn State,73.0,8.3,2.4,9.5,10.07,13.0,250.6,2.1875,0.625,26.4375,19.3125,4.75,35.7,4.99,2.125,33.38,166.38,71.4,9.2,2.3125,0.625,28.4,263.0,6.95,429.4,1.75,16.5,3.05,0.625,33.38,101.88,60.0,6.5,29.7,192.9,17.8125,1.125,1.25,4.67,294.8,37.16,2.75,4.5
79,Will Howard,QB,Ohio State,1,-37.5,21,26,260,10.0,3,0,76.9,Purdue,73.0,8.3,2.4,9.5,10.07,13.0,250.6,2.1875,0.625,26.4375,19.3125,4.75,35.7,4.99,2.125,33.38,166.38,71.4,9.2,2.3125,0.625,28.4,263.0,6.95,429.4,5.333333333333333,39.9,5.08,2.75,39.33,200.0,65.9,9.2,27.6,252.7,18.16666666666667,2.25,0.3333333333333333,6.76,452.7,48.3,1.83,2.83
80,Will Howard,QB,Ohio State,0,-29.5,15,24,247,10.3,2,0,96.1,Northwestern,73.0,8.3,2.4,9.5,10.07,13.0,250.6,2.1875,0.625,26.4375,19.3125,4.75,35.7,4.99,2.125,33.38,166.38,71.4,9.2,2.3125,0.625,28.4,263.0,6.95,429.4,3.166666666666667,26.3,4.0,1.833333333333333,32.5,129.92,62.7,7.1,32.6,231.8,20.41666666666667,1.25,0.8333333333333334,5.56,361.8,40.38,1.92,4.58
81,Will Howard,QB,Ohio State,1,-10.5,22,26,201,7.7,2,1,88.4,Indiana,73.0,8.3,2.4,9.5,10.07,13.0,250.6,2.1875,0.625,26.4375,19.3125,4.75,35.7,4.99,2.125,33.38,166.38,71.4,9.2,2.3125,0.625,28.4,263.0,6.95,429.4,1.846153846153846,15.6,2.74,0.9230769230769231,29.31,80.23,62.5,5.8,30.5,176.1,19.07692307692308,0.8461538461538461,1.153846153846154,4.28,256.3,32.74,2.69,4.46
82,Will Howard,QB,Ohio State,1,-20.5,19,33,175,5.3,1,2,63.2,Michigan,73.0,8.3,2.4,9.5,10.07,13.0,250.6,2.1875,0.625,26.4375,19.3125,4.75,35.7,4.99,2.125,33.38,166.38,71.4,9.2,2.3125,0.625,28.4,263.0,6.95,429.4,2.230769230769231,19.9,3.06,0.7692307692307693,29.62,90.69,60.1,6.4,33.5,216.3,20.15384615384615,1.461538461538461,0.9230769230769231,4.86,307.0,41.4,2.77,5.0
83,Dillon Gabriel,QB,Oregon,1,-17.5,18,21,243,11.6,2,0,54.1,Boise State,72.9,6.7,1.3,8.6,9.37,11.8,275.5,2.142857142857143,0.4285714285714285,31.92857142857143,23.28571428571428,4.5,34.9,4.43,2.142857142857143,35.64,157.93,72.8,8.5,2.142857142857143,0.4285714285714285,32.9,279.5,6.39,437.4,2.928571428571428,22.6,3.78,1.071428571428571,32.36,122.29,60.5,7.5,32.2,241.4,19.5,1.714285714285714,0.5,5.63,363.7,38.16,3.93,3.71
84,Dillon Gabriel,QB,Oregon,0,-20.5,20,24,291,12.1,2,0,98.8,Oregon State,72.9,6.7,1.3,8.6,9.37,11.8,275.5,2.142857142857143,0.4285714285714285,31.92857142857143,23.28571428571428,4.5,34.9,4.43,2.142857142857143,35.64,157.93,72.8,8.5,2.142857142857143,0.4285714285714285,32.9,279.5,6.39,437.4,3.666666666666667,29.9,5.32,2.166666666666667,34.92,185.83,59.9,8.1,26.4,214.1,15.83333333333333,1.25,0.4166666666666667,6.52,399.9,45.04,0.58,3.58
85,Dillon Gabriel,QB,Oregon,0,-23.5,31,41,278,6.8,3,1,87.1,UCLA,72.9,6.7,1.3,8.6,9.37,11.8,275.5,2.142857142857143,0.4285714285714285,31.92857142857143,23.28571428571428,4.5,34.9,4.43,2.142857142857143,35.64,157.93,72.8,8.5,2.142857142857143,0.4285714285714285,32.9,279.5,6.39,437.4,3.0,25.3,3.34,1.416666666666667,28.75,96.17,65.5,7.1,34.3,244.7,22.41666666666667,1.583333333333333,0.8333333333333334,5.41,340.8,48.39,1.83,5.0
86,Dillon Gabriel,QB,Oregon,0,-29.5,21,25,290,11.6,2,1,86.6,Purdue,72.9,6.7,1.3,8.6,9.37,11.8,275.5,2.142857142857143,0.4285714285714285,31.92857142857143,23.28571428571428,4.5,34.9,4.43,2.142857142857143,35.64,157.93,72.8,8.5,2.142857142857143,0.4285714285714285,32.9,279.5,6.39,437.4,5.333333333333333,39.9,5.08,2.75,39.33,200.0,65.9,9.2,27.6,252.7,18.16666666666667,2.25,0.3333333333333333,6.76,452.7,48.3,1.83,2.83
87,Dillon Gabriel,QB,Oregon,1,-22.5,18,26,291,11.2,3,1,95.9,Illinois,72.9,6.7,1.3,8.6,9.37,11.8,275.5,2.142857142857143,0.4285714285714285,31.92857142857143,23.28571428571428,4.5,34.9,4.43,2.142857142857143,35.64,157.93,72.8,8.5,2.142857142857143,0.4285714285714285,32.9,279.5,6.39,437.4,2.538461538461538,21.7,4.37,0.9230769230769231,33.92,148.38,59.0,6.6,34.2,224.8,20.15384615384615,1.461538461538461,0.9230769230769231,5.48,373.2,44.94,2.39,4.0
88,Dillon Gabriel,QB,Oregon,0,-14.5,22,34,294,8.6,1,0,97.4,Michigan,72.9,6.7,1.3,8.6,9.37,11.8,275.5,2.142857142857143,0.4285714285714285,31.92857142857143,23.28571428571428,4.5,34.9,4.43,2.142857142857143,35.64,157.93,72.8,8.5,2.142857142857143,0.4285714285714285,32.9,279.5,6.39,437.4,2.230769230769231,19.9,3.06,0.7692307692307693,29.62,90.69,60.1,6.4,33.5,216.3,20.15384615384615,1.461538461538461,0.9230769230769231,4.86,307.0,41.4,2.77,5.0
89,Dillon Gabriel,QB,Oregon,1,-24.0,23,34,183,5.4,3,0,61.9,Maryland,72.9,6.7,1.3,8.6,9.37,11.8,275.5,2.142857142857143,0.4285714285714285,31.92857142857143,23.28571428571428,4.5,34.9,4.43,2.142857142857143,35.64,157.93,72.8,8.5,2.142857142857143,0.4285714285714285,32.9,279.5,6.39,437.4,3.666666666666667,30.4,3.84,1.583333333333333,35.58,136.75,62.5,7.5,32.0,241.3,20.0,1.833333333333333,0.75,5.59,378.1,40.12,1.17,2.75
90,Dillon Gabriel,QB,Oregon,0,-13.5,22,31,218,7.0,0,1,60.5,Wisconsin,72.9,6.7,1.3,8.6,9.37,11.8,275.5,2.142857142857143,0.4285714285714285,31.92857142857143,23.28571428571428,4.5,34.9,4.43,2.142857142857143,35.64,157.93,72.8,8.5,2.142857142857143,0.4285714285714285,32.9,279.5,6.39,437.4,2.833333333333333,23.1,4.63,1.666666666666667,35.67,165.0,62.5,6.6,26.9,177.7,16.83333333333333,1.0,0.3333333333333333,5.48,342.7,39.24,1.42,3.42
91,Dillon Gabriel,QB,Oregon,1,-17.5,16,23,209,9.1,2,0,93.4,Washington,72.9,6.7,1.3,8.6,9.37,11.8,275.5,2.142857142857143,0.4285714285714285,31.92857142857143,23.28571428571428,4.5,34.9,4.43,2.142857142857143,35.64,157.93,72.8,8.5,2.142857142857143,0.4285714285714285,32.9,279.5,6.39,437.4,2.923076923076923,23.8,4.56,1.538461538461539,35.46,161.85,55.7,5.7,29.0,166.5,16.15384615384615,1.230769230769231,0.6153846153846154,5.09,328.4,43.82,1.54,4.46
92,Dillon Gabriel,QB,Oregon,2,-3.5,22,32,283,8.8,4,0,95.9,Penn State,72.9,6.7,1.3,8.6,9.37,11.8,275.5,2.142857142857143,0.4285714285714285,31.92857142857143,23.28571428571428,4.5,34.9,4.43,2.142857142857143,35.64,157.93,72.8,8.5,2.142857142857143,0.4285714285714285,32.9,279.5,6.39,437.4,1.75,16.5,3.05,0.625,33.38,101.88,60.0,6.5,29.7,192.9,17.8125,1.125,1.25,4.67,294.8,37.16,2.75,4.5
93,Drew Allar,QB,Penn State,0,-7.5,11,17,216,12.7,3,0,98.1,West Virginia,66.5,6.1,2.0,8.4,8.75,12.7,207.9,1.5,0.5,24.625,16.375,4.3125,33.1,5.26,2.1875,38.44,202.31,66.8,8.3,1.875,0.625,27.3,227.9,6.54,430.2,4.307692307692307,31.9,4.23,2.153846153846154,34.15,144.38,64.0,9.1,29.7,270.8,19.0,2.0,0.3846153846153846,6.5,415.2,49.36,1.54,2.62
94,Drew Allar,QB,Penn State,1,-33.5,13,20,204,10.2,2,1,66.4,Bowling Green,66.5,6.1,2.0,8.4,8.75,12.7,207.9,1.5,0.5,24.625,16.375,4.3125,33.1,5.26,2.1875,38.44,202.31,66.8,8.3,1.875,0.625,27.3,227.9,6.54,430.2,2.538461538461538,21.6,4.28,1.076923076923077,34.08,145.92,57.8,6.5,28.5,185.4,16.46153846153846,1.307692307692308,0.9230769230769231,5.3,331.3,33.9,2.54,3.69
95,Drew Allar,QB,Penn State,1,-51.5,17,21,309,14.7,3,0,91.1,Kent State,66.5,6.1,2.0,8.4,8.75,12.7,207.9,1.5,0.5,24.625,16.375,4.3125,33.1,5.26,2.1875,38.44,202.31,66.8,8.3,1.875,0.625,27.3,227.9,6.54,430.2,5.5,44.1,5.9,3.0,44.92,264.92,65.3,8.7,28.8,251.1,18.83333333333333,2.25,0.3333333333333333,7.0,516.0,47.85,1.5,2.92
96,Drew Allar,QB,Penn State,1,-19.5,15,21,135,6.4,0,0,78.7,Illinois,66.5,6.1,2.0,8.4,8.75,12.7,207.9,1.5,0.5,24.625,16.375,4.3125,33.1,5.26,2.1875,38.44,202.31,66.8,8.3,1.875,0.625,27.3,227.9,6.54,430.2,2.538461538461538,21.7,4.37,0.9230769230769231,33.92,148.38,59.0,6.6,34.2,224.8,20.15384615384615,1.461538461538461,0.9230769230769231,5.48,373.2,44.94,2.39,4.0
97,Drew Allar,QB,Penn State,1,-29.5,17,24,237,9.9,1,0,93.7,UCLA,66.5,6.1,2.0,8.4,8.75,12.7,207.9,1.5,0.5,24.625,16.375,4.3125,33.1,5.26,2.1875,38.44,202.31,66.8,8.3,1.875,0.625,27.3,227.9,6.54,430.2,3.0,25.3,3.34,1.416666666666667,28.75,96.17,65.5,7.1,34.3,244.7,22.41666666666667,1.583333333333333,0.8333333333333334,5.41,340.8,48.39,1.83,5.0
98,Drew Allar,QB,Penn State,0,-3.5,30,43,391,9.1,2,3,81.5,USC,66.5,6.1,2.0,8.4,8.75,12.7,207.9,1.5,0.5,24.625,16.375,4.3125,33.1,5.26,2.1875,38.44,202.31,66.8,8.3,1.875,0.625,27.3,227.9,6.54,430.2,2.923076923076923,24.1,4.54,1.461538461538461,31.08,141.23,67.7,7.0,33.6,235.8,22.76923076923077,1.153846153846154,0.9230769230769231,5.83,377.1,33.53,1.62,4.31
99,Drew Allar,QB,Penn State,0,-6.5,14,18,148,8.2,1,0,52.4,Wisconsin,66.5,6.1,2.0,8.4,8.75,12.7,207.9,1.5,0.5,24.625,16.375,4.3125,33.1,5.26,2.1875,38.44,202.31,66.8,8.3,1.875,0.625,27.3,227.9,6.54,430.2,2.833333333333333,23.1,4.63,1.666666666666667,35.67,165.0,62.5,6.6,26.9,177.7,16.83333333333333,1.0,0.3333333333333333,5.48,342.7,39.24,1.42,3.42
100,Drew Allar,QB,Penn State,1,-13.5,20,28,220,7.9,1,0,93.2,Washington,66.5,6.1,2.0,8.4,8.75,12.7,207.9,1.5,0.5,24.625,16.375,4.3125,33.1,5.26,2.1875,38.44,202.31,66.8,8.3,1.875,0.625,27.3,227.9,6.54,430.2,2.923076923076923,23.8,4.56,1.538461538461539,35.46,161.85,55.7,5.7,29.0,166.5,16.15384615384615,1.230769230769231,0.6153846153846154,5.09,328.4,43.82,1.54,4.46
101,Drew Allar,QB,Penn State,0,-30.5,17,19,247,13.0,3,0,89.3,Purdue,66.5,6.1,2.0,8.4,8.75,12.7,207.9,1.5,0.5,24.625,16.375,4.3125,33.1,5.26,2.1875,38.44,202.31,66.8,8.3,1.875,0.625,27.3,227.9,6.54,430.2,5.333333333333333,39.9,5.08,2.75,39.33,200.0,65.9,9.2,27.6,252.7,18.16666666666667,2.25,0.3333333333333333,6.76,452.7,48.3,1.83,2.83
102,Drew Allar,QB,Penn State,0,-11.5,21,28,244,8.7,1,0,84.6,Minnesota,66.5,6.1,2.0,8.4,8.75,12.7,207.9,1.5,0.5,24.625,16.375,4.3125,33.1,5.26,2.1875,38.44,202.31,66.8,8.3,1.875,0.625,27.3,227.9,6.54,430.2,1.923076923076923,16.9,3.5,1.076923076923077,31.31,109.62,59.0,6.1,28.7,176.1,16.92307692307692,0.8461538461538461,1.307692307692308,4.76,285.7,38.95,2.15,5.85
103,Drew Allar,QB,Penn State,1,-26.5,17,26,171,6.6,1,0,74.8,Maryland,66.5,6.1,2.0,8.4,8.75,12.7,207.9,1.5,0.5,24.625,16.375,4.3125,33.1,5.26,2.1875,38.44,202.31,66.8,8.3,1.875,0.625,27.3,227.9,6.54,430.2,3.666666666666667,30.4,3.84,1.583333333333333,35.58,136.75,62.5,7.5,32.0,241.3,20.0,1.833333333333333,0.75,5.59,378.1,40.12,1.17,2.75
104,Drew Allar,QB,Penn State,2,3.5,20,39,226,5.8,3,2,81.7,Oregon,66.5,6.1,2.0,8.4,8.75,12.7,207.9,1.5,0.5,24.625,16.375,4.3125,33.1,5.26,2.1875,38.44,202.31,66.8,8.3,1.875,0.625,27.3,227.9,6.54,430.2,2.285714285714286,19.4,4.14,1.142857142857143,31.43,130.0,55.7,6.2,30.0,185.9,16.71428571428572,1.071428571428571,0.8571428571428571,5.14,315.9,33.7,2.86,5.36
105,Hudson Card,QB,Purdue,1,7.5,11,24,124,5.2,1,2,11.5,Notre Dame,58.1,3.6,2.8,6.6,6.07,11.4,164.1,0.9,0.7,24.8,14.4,1.916666666666667,15.8,3.99,0.75,28.92,115.33,57.4,6.7,1.083333333333333,0.75,27.4,183.9,5.31,299.3,1.875,15.5,3.78,1.0,36.5,138.06,52.1,6.0,28.2,169.4,14.6875,0.875,1.1875,4.75,307.4,32.26,2.5,5.13
106,Hudson Card,QB,Purdue,0,1.5,7,17,56,3.3,1,1,8.9,Oregon State,58.1,3.6,2.8,6.6,6.07,11.4,164.1,0.9,0.7,24.8,14.4,1.916666666666667,15.8,3.99,0.75,28.92,115.33,57.4,6.7,1.083333333333333,0.75,27.4,183.9,5.31,299.3,3.666666666666667,29.9,5.32,2.166666666666667,34.92,185.83,59.9,8.1,26.4,214.1,15.83333333333333,1.25,0.4166666666666667,6.52,399.9,45.04,0.58,3.58
107,Hudson Card,QB,Purdue,1,10.5,18,25,174,7.0,1,1,37.0,Nebraska,58.1,3.6,2.8,6.6,6.07,11.4,164.1,0.9,0.7,24.8,14.4,1.916666666666667,15.8,3.99,0.75,28.92,115.33,57.4,6.7,1.083333333333333,0.75,27.4,183.9,5.31,299.3,2.461538461538462,19.5,3.37,0.6153846153846154,30.0,101.23,63.9,7.4,29.2,216.7,18.61538461538462,1.769230769230769,0.8461538461538461,5.37,317.9,35.22,2.31,4.08
108,Hudson Card,QB,Purdue,0,11.5,11,21,111,5.3,0,0,46.5,Wisconsin,58.1,3.6,2.8,6.6,6.07,11.4,164.1,0.9,0.7,24.8,14.4,1.916666666666667,15.8,3.99,0.75,28.92,115.33,57.4,6.7,1.083333333333333,0.75,27.4,183.9,5.31,299.3,2.833333333333333,23.1,4.63,1.666666666666667,35.67,165.0,62.5,6.6,26.9,177.7,16.83333333333333,1.0,0.3333333333333333,5.48,342.7,39.24,1.42,3.42
109,Ryan Browne,QB,Purdue,0,21.5,18,26,297,11.4,3,0,84.0,Illinois,56.6,5.3,2.6,7.0,6.87,12.4,66.5,0.5,0.25,9.5,5.375,1.916666666666667,15.8,3.99,0.75,28.92,115.33,57.4,6.7,1.083333333333333,0.75,27.4,183.9,5.31,299.3,2.538461538461538,21.7,4.37,0.9230769230769231,33.92,148.38,59.0,6.6,34.2,224.8,20.15384615384615,1.461538461538461,0.9230769230769231,5.48,373.2,44.94,2.39,4.0
110,Ryan Browne,QB,Purdue,1,29.5,9,19,93,4.9,0,1,20.3,Oregon,56.6,5.3,2.6,7.0,6.87,12.4,66.5,0.5,0.25,9.5,5.375,1.916666666666667,15.8,3.99,0.75,28.92,115.33,57.4,6.7,1.083333333333333,0.75,27.4,183.9,5.31,299.3,2.285714285714286,19.4,4.14,1.142857142857143,31.43,130.0,55.7,6.2,30.0,185.9,16.71428571428572,1.071428571428571,0.8571428571428571,5.14,315.9,33.7,2.86,5.36
111,Hudson Card,QB,Purdue,1,-3.5,21,37,267,7.2,1,0,66.7,Northwestern,58.1,3.6,2.8,6.6,6.07,11.4,164.1,0.9,0.7,24.8,14.4,1.916666666666667,15.8,3.99,0.75,28.92,115.33,57.4,6.7,1.083333333333333,0.75,27.4,183.9,5.31,299.3,3.166666666666667,26.3,4.0,1.833333333333333,32.5,129.92,62.7,7.1,32.6,231.8,20.41666666666667,1.25,0.8333333333333334,5.56,361.8,40.38,1.92,4.58
112,Hudson Card,QB,Purdue,1,30.5,11,20,151,7.6,0,0,55.4,Penn State,58.1,3.6,2.8,6.6,6.07,11.4,164.1,0.9,0.7,24.8,14.4,1.916666666666667,15.8,3.99,0.75,28.92,115.33,57.4,6.7,1.083333333333333,0.75,27.4,183.9,5.31,299.3,1.75,16.5,3.05,0.625,33.38,101.88,60.0,6.5,29.7,192.9,17.8125,1.125,1.25,4.67,294.8,37.16,2.75,4.5
113,Hudson Card,QB,Purdue,0,28.5,6,13,35,2.7,0,1,8.2,Indiana,58.1,3.6,2.8,6.6,6.07,11.4,164.1,0.9,0.7,24.8,14.4,1.916666666666667,15.8,3.99,0.75,28.92,115.33,57.4,6.7,1.083333333333333,0.75,27.4,183.9,5.31,299.3,1.846153846153846,15.6,2.74,0.9230769230769231,29.31,80.23,62.5,5.8,30.5,176.1,19.07692307692308,0.8461538461538461,1.153846153846154,4.28,256.3,32.74,2.69,4.46
114,Athan Kaliakmanis,QB,Rutgers,1,-24.5,14,23,230,10.0,3,1,60.3,Akron,53.9,4.6,1.8,6.8,6.94,12.7,207.4,1.384615384615385,0.5384615384615384,30.38461538461538,16.38461538461538,3.615384615384615,28.9,4.41,2.153846153846154,39.77,175.31,53.9,6.8,1.384615384615385,0.5384615384615384,30.4,207.4,5.46,382.7,4.166666666666667,32.0,4.62,1.916666666666667,39.67,183.33,64.4,8.1,28.6,231.1,18.41666666666667,2.0,0.25,6.07,414.4,38.65,1.5,3.67
115,Athan Kaliakmanis,QB,Rutgers,0,3.5,16,25,269,10.8,0,0,84.3,Virginia Tech,53.9,4.6,1.8,6.8,6.94,12.7,207.4,1.384615384615385,0.5384615384615384,30.38461538461538,16.38461538461538,3.615384615384615,28.9,4.41,2.153846153846154,39.77,175.31,53.9,6.8,1.384615384615385,0.5384615384615384,30.4,207.4,5.46,382.7,2.846153846153846,22.8,3.92,1.307692307692308,37.54,147.08,54.8,7.0,30.8,215.9,16.84615384615385,1.538461538461539,1.153846153846154,5.31,363.0,39.36,2.85,4.92
116,Athan Kaliakmanis,QB,Rutgers,1,-1.5,14,24,115,4.8,1,0,77.5,Washington,53.9,4.6,1.8,6.8,6.94,12.7,207.4,1.384615384615385,0.5384615384615384,30.38461538461538,16.38461538461538,3.615384615384615,28.9,4.41,2.153846153846154,39.77,175.31,53.9,6.8,1.384615384615385,0.5384615384615384,30.4,207.4,5.46,382.7,2.923076923076923,23.8,4.56,1.538461538461539,35.46,161.85,55.7,5.7,29.0,166.5,16.15384615384615,1.230769230769231,0.6153846153846154,5.09,328.4,43.82,1.54,4.46
117,Athan Kaliakmanis,QB,Rutgers,0,5.5,15,37,186,5.0,1,2,17.6,Nebraska,53.9,4.6,1.8,6.8,6.94,12.7,207.4,1.384615384615385,0.5384615384615384,30.38461538461538,16.38461538461538,3.615384615384615,28.9,4.41,2.153846153846154,39.77,175.31,53.9,6.8,1.384615384615385,0.5384615384615384,30.4,207.4,5.46,382.7,2.461538461538462,19.5,3.37,0.6153846153846154,30.0,101.23,63.9,7.4,29.2,216.7,18.61538461538462,1.769230769230769,0.8461538461538461,5.37,317.9,35.22,2.31,4.08
118,Athan Kaliakmanis,QB,Rutgers,1,-1.5,12,32,103,3.2,0,1,38.5,Wisconsin,53.9,4.6,1.8,6.8,6.94,12.7,207.4,1.384615384615385,0.5384615384615384,30.38461538461538,16.38461538461538,3.615384615384615,28.9,4.41,2.153846153846154,39.77,175.31,53.9,6.8,1.384615384615385,0.5384615384615384,30.4,207.4,5.46,382.7,2.833333333333333,23.1,4.63,1.666666666666667,35.67,165.0,62.5,6.6,26.9,177.7,16.83333333333333,1.0,0.3333333333333333,5.48,342.7,39.24,1.42,3.42
119,Athan Kaliakmanis,QB,Rutgers,1,-4.5,18,30,287,9.6,0,1,72.4,UCLA,53.9,4.6,1.8,6.8,6.94,12.7,207.4,1.384615384615385,0.5384615384615384,30.38461538461538,16.38461538461538,3.615384615384615,28.9,4.41,2.153846153846154,39.77,175.31,53.9,6.8,1.384615384615385,0.5384615384615384,30.4,207.4,5.46,382.7,3.0,25.3,3.34,1.416666666666667,28.75,96.17,65.5,7.1,34.3,244.7,22.41666666666667,1.583333333333333,0.8333333333333334,5.41,340.8,48.39,1.83,5.0
120,Athan Kaliakmanis,QB,Rutgers,0,13.5,27,47,313,6.7,1,0,63.2,USC,53.9,4.6,1.8,6.8,6.94,12.7,207.4,1.384615384615385,0.5384615384615384,30.38461538461538,16.38461538461538,3.615384615384615,28.9,4.41,2.153846153846154,39.77,175.31,53.9,6.8,1.384615384615385,0.5384615384615384,30.4,207.4,5.46,382.7,2.923076923076923,24.1,4.54,1.461538461538461,31.08,141.23,67.7,7.0,33.6,235.8,22.76923076923077,1.153846153846154,0.9230769230769231,5.83,377.1,33.53,1.62,4.31
121,Athan Kaliakmanis,QB,Rutgers,1,6.5,17,33,240,7.3,3,1,74.1,Minnesota,53.9,4.6,1.8,6.8,6.94,12.7,207.4,1.384615384615385,0.5384615384615384,30.38461538461538,16.38461538461538,3.615384615384615,28.9,4.41,2.153846153846154,39.77,175.31,53.9,6.8,1.384615384615385,0.5384615384615384,30.4,207.4,5.46,382.7,1.923076923076923,16.9,3.5,1.076923076923077,31.31,109.62,59.0,6.1,28.7,176.1,16.92307692307692,0.8461538461538461,1.307692307692308,4.76,285.7,38.95,2.15,5.85
122,Athan Kaliakmanis,QB,Rutgers,0,4.5,20,30,238,7.9,2,0,92.2,Maryland,53.9,4.6,1.8,6.8,6.94,12.7,207.4,1.384615384615385,0.5384615384615384,30.38461538461538,16.38461538461538,3.615384615384615,28.9,4.41,2.153846153846154,39.77,175.31,53.9,6.8,1.384615384615385,0.5384615384615384,30.4,207.4,5.46,382.7,3.666666666666667,30.4,3.84,1.583333333333333,35.58,136.75,62.5,7.5,32.0,241.3,20.0,1.833333333333333,0.75,5.59,378.1,40.12,1.17,2.75
123,Athan Kaliakmanis,QB,Rutgers,1,-2.5,18,36,174,4.8,2,0,76.9,Illinois,53.9,4.6,1.8,6.8,6.94,12.7,207.4,1.384615384615385,0.5384615384615384,30.38461538461538,16.38461538461538,3.615384615384615,28.9,4.41,2.153846153846154,39.77,175.31,53.9,6.8,1.384615384615385,0.5384615384615384,30.4,207.4,5.46,382.7,2.538461538461538,21.7,4.37,0.9230769230769231,33.92,148.38,59.0,6.6,34.2,224.8,20.15384615384615,1.461538461538461,0.9230769230769231,5.48,373.2,44.94,2.39,4.0
124,Miller Moss,QB,USC,2,3.5,27,36,378,10.5,1,0,82.9,LSU,64.4,5.0,2.5,7.1,6.93,11.0,283.9,2.0,1.0,40.22222222222222,25.88888888888889,3.846153846153846,30.2,5.16,1.538461538461539,28.15,145.31,62.7,7.1,2.230769230769231,1.153846153846154,41.1,291.9,6.32,437.2,2.923076923076923,24.3,4.28,2.0,32.69,140.08,61.1,7.7,29.2,224.3,17.84615384615385,0.8461538461538461,0.4615384615384616,5.88,364.4,40.99,2.62,4.46
125,Miller Moss,QB,USC,1,-30.5,21,30,229,7.6,1,0,61.4,Utah State,64.4,5.0,2.5,7.1,6.93,11.0,283.9,2.0,1.0,40.22222222222222,25.88888888888889,3.846153846153846,30.2,5.16,1.538461538461539,28.15,145.31,62.7,7.1,2.230769230769231,1.153846153846154,41.1,291.9,6.32,437.2,4.666666666666667,37.8,5.38,2.25,39.83,214.5,67.9,7.8,32.8,255.6,22.25,2.333333333333333,1.083333333333333,6.48,470.1,43.79,2.33,3.5
126,Jayden Maiava,QB,USC,1,-30.5,8,11,66,6.0,0,0,87.7,Utah State,59.8,6.5,3.6,7.1,6.81,11.9,171.6,1.571428571428571,0.8571428571428571,24.14285714285714,14.42857142857143,3.846153846153846,30.2,5.16,1.538461538461539,28.15,145.31,62.7,7.1,2.230769230769231,1.153846153846154,41.1,291.9,6.32,437.2,4.666666666666667,37.8,5.38,2.25,39.83,214.5,67.9,7.8,32.8,255.6,22.25,2.333333333333333,1.083333333333333,6.48,470.1,43.79,2.33,3.5
127,Miller Moss,QB,USC,0,-4.5,28,51,283,5.5,3,1,58.9,Michigan,64.4,5.0,2.5,7.1,6.93,11.0,283.9,2.0,1.0,40.22222222222222,25.88888888888889,3.846153846153846,30.2,5.16,1.538461538461539,28.15,145.31,62.7,7.1,2.230769230769231,1.153846153846154,41.1,291.9,6.32,437.2,2.230769230769231,19.9,3.06,0.7692307692307693,29.62,90.69,60.1,6.4,33.5,216.3,20.15384615384615,1.461538461538461,0.9230769230769231,4.86,307.0,41.4,2.77,5.0
128,Miller Moss,QB,USC,1,-13.5,30,45,308,6.8,3,1,82.2,Wisconsin,64.4,5.0,2.5,7.1,6.93,11.0,283.9,2.0,1.0,40.22222222222222,25.88888888888889,3.846153846153846,30.2,5.16,1.538461538461539,28.15,145.31,62.7,7.1,2.230769230769231,1.153846153846154,41.1,291.9,6.32,437.2,2.833333333333333,23.1,4.63,1.666666666666667,35.67,165.0,62.5,6.6,26.9,177.7,16.83333333333333,1.0,0.3333333333333333,5.48,342.7,39.24,1.42,3.42
129,Miller Moss,QB,USC,0,-9.5,23,38,200,5.3,1,2,71.5,Minnesota,64.4,5.0,2.5,7.1,6.93,11.0,283.9,2.0,1.0,40.22222222222222,25.88888888888889,3.846153846153846,30.2,5.16,1.538461538461539,28.15,145.31,62.7,7.1,2.230769230769231,1.153846153846154,41.1,291.9,6.32,437.2,1.923076923076923,16.9,3.5,1.076923076923077,31.31,109.62,59.0,6.1,28.7,176.1,16.92307692307692,0.8461538461538461,1.307692307692308,4.76,285.7,38.95,2.15,5.85
130,Miller Moss,QB,USC,1,3.5,20,34,220,6.5,2,1,80.6,Penn State,64.4,5.0,2.5,7.1,6.93,11.0,283.9,2.0,1.0,40.22222222222222,25.88888888888889,3.846153846153846,30.2,5.16,1.538461538461539,28.15,145.31,62.7,7.1,2.230769230769231,1.153846153846154,41.1,291.9,6.32,437.2,1.75,16.5,3.05,0.625,33.38,101.88,60.0,6.5,29.7,192.9,17.8125,1.125,1.25,4.67,294.8,37.16,2.75,4.5
131,Miller Moss,QB,USC,0,-6.5,34,50,336,6.7,3,1,68.1,Maryland,64.4,5.0,2.5,7.1,6.93,11.0,283.9,2.0,1.0,40.22222222222222,25.88888888888889,3.846153846153846,30.2,5.16,1.538461538461539,28.15,145.31,62.7,7.1,2.230769230769231,1.153846153846154,41.1,291.9,6.32,437.2,3.666666666666667,30.4,3.84,1.583333333333333,35.58,136.75,62.5,7.5,32.0,241.3,20.0,1.833333333333333,0.75,5.59,378.1,40.12,1.17,2.75
132,Miller Moss,QB,USC,1,-13.5,20,28,308,11.0,2,0,94.0,Rutgers,64.4,5.0,2.5,7.1,6.93,11.0,283.9,2.0,1.0,40.22222222222222,25.88888888888889,3.846153846153846,30.2,5.16,1.538461538461539,28.15,145.31,62.7,7.1,2.230769230769231,1.153846153846154,41.1,291.9,6.32,437.2,3.384615384615385,25.4,5.21,2.0,31.23,162.77,60.0,7.0,32.8,231.1,19.69230769230769,1.384615384615385,0.6153846153846154,6.15,393.8,43.1,1.69,4.54
133,Miller Moss,QB,USC,0,-2.5,30,50,293,5.9,2,3,65.4,Washington,64.4,5.0,2.5,7.1,6.93,11.0,283.9,2.0,1.0,40.22222222222222,25.88888888888889,3.846153846153846,30.2,5.16,1.538461538461539,28.15,145.31,62.7,7.1,2.230769230769231,1.153846153846154,41.1,291.9,6.32,437.2,2.923076923076923,23.8,4.56,1.538461538461539,35.46,161.85,55.7,5.7,29.0,166.5,16.15384615384615,1.230769230769231,0.6153846153846154,5.09,328.4,43.82,1.54,4.46
134,Jayden Maiava,QB,USC,1,-6.5,25,35,259,7.4,3,1,80.3,Nebraska,59.8,6.5,3.6,7.1,6.81,11.9,171.6,1.571428571428571,0.8571428571428571,24.14285714285714,14.42857142857143,3.846153846153846,30.2,5.16,1.538461538461539,28.15,145.31,62.7,7.1,2.230769230769231,1.153846153846154,41.1,291.9,6.32,437.2,2.461538461538462,19.5,3.37,0.6153846153846154,30.0,101.23,63.9,7.4,29.2,216.7,18.61538461538462,1.769230769230769,0.8461538461538461,5.37,317.9,35.22,2.31,4.08
135,Jayden Maiava,QB,USC,0,-4.5,19,35,221,6.3,1,0,51.6,UCLA,59.8,6.5,3.6,7.1,6.81,11.9,171.6,1.571428571428571,0.8571428571428571,24.14285714285714,14.42857142857143,3.846153846153846,30.2,5.16,1.538461538461539,28.15,145.31,62.7,7.1,2.230769230769231,1.153846153846154,41.1,291.9,6.32,437.2,3.0,25.3,3.34,1.416666666666667,28.75,96.17,65.5,7.1,34.3,244.7,22.41666666666667,1.583333333333333,0.8333333333333334,5.41,340.8,48.39,1.83,5.0
136,Jayden Maiava,QB,USC,1,6.5,27,49,360,7.3,3,2,76.0,Notre Dame,59.8,6.5,3.6,7.1,6.81,11.9,171.6,1.571428571428571,0.8571428571428571,24.14285714285714,14.42857142857143,3.846153846153846,30.2,5.16,1.538461538461539,28.15,145.31,62.7,7.1,2.230769230769231,1.153846153846154,41.1,291.9,6.32,437.2,1.875,15.5,3.78,1.0,36.5,138.06,52.1,6.0,28.2,169.4,14.6875,0.875,1.1875,4.75,307.4,32.26,2.5,5.13
137,Will Rogers,QB,Washington,1,-25.5,21,26,261,10.0,4,0,93.7,Eastern Michigan,70.7,4.5,2.3,7.9,7.79,11.2,223.5,1.272727272727273,0.6363636363636364,28.27272727272727,20.0,2.769230769230769,23.4,3.96,1.076923076923077,32.54,128.77,72.4,8.2,1.692307692307692,0.6153846153846154,32.1,261.7,6.04,390.5,3.583333333333333,27.9,4.48,1.583333333333333,36.33,162.83,63.8,8.6,25.8,220.9,16.41666666666667,1.833333333333333,0.4166666666666667,6.18,383.8,36.24,2.08,2.83
138,Will Rogers,QB,Washington,0,-8.5,23,31,314,10.1,1,0,50.0,Washington State,70.7,4.5,2.3,7.9,7.79,11.2,223.5,1.272727272727273,0.6363636363636364,28.27272727272727,20.0,2.769230769230769,23.4,3.96,1.076923076923077,32.54,128.77,72.4,8.2,1.692307692307692,0.6153846153846154,32.1,261.7,6.04,390.5,3.692307692307693,29.9,5.24,1.769230769230769,32.85,172.08,63.2,7.2,37.4,270.5,23.61538461538462,1.923076923076923,1.076923076923077,6.3,442.6,38.6,1.85,4.23
139,Will Rogers,QB,Washington,1,-10.0,20,28,223,8.0,2,0,69.6,Northwestern,70.7,4.5,2.3,7.9,7.79,11.2,223.5,1.272727272727273,0.6363636363636364,28.27272727272727,20.0,2.769230769230769,23.4,3.96,1.076923076923077,32.54,128.77,72.4,8.2,1.692307692307692,0.6153846153846154,32.1,261.7,6.04,390.5,3.166666666666667,26.3,4.0,1.833333333333333,32.5,129.92,62.7,7.1,32.6,231.8,20.41666666666667,1.25,0.8333333333333334,5.56,361.8,40.38,1.92,4.58
140,Will Rogers,QB,Washington,0,1.5,26,36,306,8.5,2,0,45.4,Rutgers,70.7,4.5,2.3,7.9,7.79,11.2,223.5,1.272727272727273,0.6363636363636364,28.27272727272727,20.0,2.769230769230769,23.4,3.96,1.076923076923077,32.54,128.77,72.4,8.2,1.692307692307692,0.6153846153846154,32.1,261.7,6.04,390.5,3.384615384615385,25.4,5.21,2.0,31.23,162.77,60.0,7.0,32.8,231.1,19.69230769230769,1.384615384615385,0.6153846153846154,6.15,393.8,43.1,1.69,4.54
141,Will Rogers,QB,Washington,1,-1.5,21,31,271,8.7,2,1,88.9,Michigan,70.7,4.5,2.3,7.9,7.79,11.2,223.5,1.272727272727273,0.6363636363636364,28.27272727272727,20.0,2.769230769230769,23.4,3.96,1.076923076923077,32.54,128.77,72.4,8.2,1.692307692307692,0.6153846153846154,32.1,261.7,6.04,390.5,2.230769230769231,19.9,3.06,0.7692307692307693,29.62,90.69,60.1,6.4,33.5,216.3,20.15384615384615,1.461538461538461,0.9230769230769231,4.86,307.0,41.4,2.77,5.0
142,Will Rogers,QB,Washington,0,2.5,22,34,195,5.7,1,1,56.6,Iowa,70.7,4.5,2.3,7.9,7.79,11.2,223.5,1.272727272727273,0.6363636363636364,28.27272727272727,20.0,2.769230769230769,23.4,3.96,1.076923076923077,32.54,128.77,72.4,8.2,1.692307692307692,0.6153846153846154,32.1,261.7,6.04,390.5,2.076923076923077,17.8,3.69,0.3076923076923077,31.23,115.31,61.9,6.3,32.3,203.1,20.0,1.538461538461539,1.230769230769231,5.01,318.4,36.42,2.23,4.54
143,Demond Williams Jr.,QB,Washington,0,2.5,12,16,71,4.4,1,0,99.1,Iowa,78.1,7.6,1.0,9.0,10.09,11.5,72.6,0.6153846153846154,0.07692307692307693,8.076923076923077,6.307692307692307,2.769230769230769,23.4,3.96,1.076923076923077,32.54,128.77,72.4,8.2,1.692307692307692,0.6153846153846154,32.1,261.7,6.04,390.5,2.076923076923077,17.8,3.69,0.3076923076923077,31.23,115.31,61.9,6.3,32.3,203.1,20.0,1.538461538461539,1.230769230769231,5.01,318.4,36.42,2.23,4.54
144,Will Rogers,QB,Washington,0,5.5,19,26,202,7.8,0,2,20.6,Indiana,70.7,4.5,2.3,7.9,7.79,11.2,223.5,1.272727272727273,0.6363636363636364,28.27272727272727,20.0,2.769230769230769,23.4,3.96,1.076923076923077,32.54,128.77,72.4,8.2,1.692307692307692,0.6153846153846154,32.1,261.7,6.04,390.5,1.846153846153846,15.6,2.74,0.9230769230769231,29.31,80.23,62.5,5.8,30.5,176.1,19.07692307692308,0.8461538461538461,1.153846153846154,4.28,256.3,32.74,2.69,4.46
145,Will Rogers,QB,Washington,1,2.5,25,39,262,6.7,0,0,66.9,USC,70.7,4.5,2.3,7.9,7.79,11.2,223.5,1.272727272727273,0.6363636363636364,28.27272727272727,20.0,2.769230769230769,23.4,3.96,1.076923076923077,32.54,128.77,72.4,8.2,1.692307692307692,0.6153846153846154,32.1,261.7,6.04,390.5,2.923076923076923,24.1,4.54,1.461538461538461,31.08,141.23,67.7,7.0,33.6,235.8,22.76923076923077,1.153846153846154,0.9230769230769231,5.83,377.1,33.53,1.62,4.31
146,Will Rogers,QB,Washington,0,13.5,10,13,59,4.5,0,1,50.7,Penn State,70.7,4.5,2.3,7.9,7.79,11.2,223.5,1.272727272727273,0.6363636363636364,28.27272727272727,20.0,2.769230769230769,23.4,3.96,1.076923076923077,32.54,128.77,72.4,8.2,1.692307692307692,0.6153846153846154,32.1,261.7,6.04,390.5,1.75,16.5,3.05,0.625,33.38,101.88,60.0,6.5,29.7,192.9,17.8125,1.125,1.25,4.67,294.8,37.16,2.75,4.5
147,Demond Williams Jr.,QB,Washington,0,13.5,6,10,60,6.0,0,0,81.5,Penn State,78.1,7.6,1.0,9.0,10.09,11.5,72.6,0.6153846153846154,0.07692307692307693,8.076923076923077,6.307692307692307,2.769230769230769,23.4,3.96,1.076923076923077,32.54,128.77,72.4,8.2,1.692307692307692,0.6153846153846154,32.1,261.7,6.04,390.5,1.75,16.5,3.05,0.625,33.38,101.88,60.0,6.5,29.7,192.9,17.8125,1.125,1.25,4.67,294.8,37.16,2.75,4.5
148,Will Rogers,QB,Washington,1,-5.5,13,21,115,5.5,1,2,35.3,UCLA,70.7,4.5,2.3,7.9,7.79,11.2,223.5,1.272727272727273,0.6363636363636364,28.27272727272727,20.0,2.769230769230769,23.4,3.96,1.076923076923077,32.54,128.77,72.4,8.2,1.692307692307692,0.6153846153846154,32.1,261.7,6.04,390.5,3.0,25.3,3.34,1.416666666666667,28.75,96.17,65.5,7.1,34.3,244.7,22.41666666666667,1.583333333333333,0.8333333333333334,5.41,340.8,48.39,1.83,5.0
149,Demond Williams Jr.,QB,Washington,1,-5.5,7,8,67,8.4,1,0,90.8,UCLA,78.1,7.6,1.0,9.0,10.09,11.5,72.6,0.6153846153846154,0.07692307692307693,8.076923076923077,6.307692307692307,2.769230769230769,23.4,3.96,1.076923076923077,32.54,128.77,72.4,8.2,1.692307692307692,0.6153846153846154,32.1,261.7,6.04,390.5,3.0,25.3,3.34,1.416666666666667,28.75,96.17,65.5,7.1,34.3,244.7,22.41666666666667,1.583333333333333,0.8333333333333334,5.41,340.8,48.39,1.83,5.0
150,Demond Williams Jr.,QB,Washington,0,17.5,17,20,201,10.1,1,0,73.7,Oregon,78.1,7.6,1.0,9.0,10.09,11.5,72.6,0.6153846153846154,0.07692307692307693,8.076923076923077,6.307692307692307,2.769230769230769,23.4,3.96,1.076923076923077,32.54,128.77,72.4,8.2,1.692307692307692,0.6153846153846154,32.1,261.7,6.04,390.5,2.285714285714286,19.4,4.14,1.142857142857143,31.43,130.0,55.7,6.2,30.0,185.9,16.71428571428572,1.071428571428571,0.8571428571428571,5.14,315.9,33.7,2.86,5.36
151,Tyler Van Dyke,QB,Wisconsin,1,-24.5,21,36,192,5.3,0,0,43.4,Western Michigan,63.2,1.5,0.0,6.2,6.5,9.8,140.7,0.3333333333333333,0.0,22.66666666666667,14.33333333333333,2.75,22.6,4.37,1.583333333333333,35.17,153.67,57.0,6.5,1.166666666666667,0.8333333333333334,30.4,196.7,5.34,350.3,4.0,31.3,5.0,2.153846153846154,38.46,192.46,61.3,8.4,26.5,222.6,16.23076923076923,1.538461538461539,0.6153846153846154,6.39,415.1,42.68,1.46,4.69
152,Braedyn Locke,QB,Wisconsin,1,15.5,13,26,125,4.8,1,0,47.1,Alabama,55.4,4.4,3.4,6.5,5.9,11.8,176.0,1.181818181818182,0.9090909090909091,26.90909090909091,14.90909090909091,2.75,22.6,4.37,1.583333333333333,35.17,153.67,57.0,6.5,1.166666666666667,0.8333333333333334,30.4,196.7,5.34,350.3,1.923076923076923,17.4,3.68,0.7692307692307693,37.46,137.85,59.7,6.0,30.4,182.2,18.15384615384615,1.0,1.307692307692308,4.72,320.1,32.8,1.92,5.31
153,Braedyn Locke,QB,Wisconsin,0,13.5,13,26,180,6.9,1,1,28.1,USC,55.4,4.4,3.4,6.5,5.9,11.8,176.0,1.181818181818182,0.9090909090909091,26.90909090909091,14.90909090909091,2.75,22.6,4.37,1.583333333333333,35.17,153.67,57.0,6.5,1.166666666666667,0.8333333333333334,30.4,196.7,5.34,350.3,2.923076923076923,24.1,4.54,1.461538461538461,31.08,141.23,67.7,7.0,33.6,235.8,22.76923076923077,1.153846153846154,0.9230769230769231,5.83,377.1,33.53,1.62,4.31
154,Braedyn Locke,QB,Wisconsin,1,-11.5,20,31,359,11.6,3,2,68.1,Purdue,55.4,4.4,3.4,6.5,5.9,11.8,176.0,1.181818181818182,0.9090909090909091,26.90909090909091,14.90909090909091,2.75,22.6,4.37,1.583333333333333,35.17,153.67,57.0,6.5,1.166666666666667,0.8333333333333334,30.4,196.7,5.34,350.3,5.333333333333333,39.9,5.08,2.75,39.33,200.0,65.9,9.2,27.6,252.7,18.16666666666667,2.25,0.3333333333333333,6.76,452.7,48.3,1.83,2.83
155,Braedyn Locke,QB,Wisconsin,0,1.5,20,28,240,8.6,1,1,88.6,Rutgers,55.4,4.4,3.4,6.5,5.9,11.8,176.0,1.181818181818182,0.9090909090909091,26.90909090909091,14.90909090909091,2.75,22.6,4.37,1.583333333333333,35.17,153.67,57.0,6.5,1.166666666666667,0.8333333333333334,30.4,196.7,5.34,350.3,3.384615384615385,25.4,5.21,2.0,31.23,162.77,60.0,7.0,32.8,231.1,19.69230769230769,1.384615384615385,0.6153846153846154,6.15,393.8,43.1,1.69,4.54
156,Braedyn Locke,QB,Wisconsin,0,-9.5,14,24,160,6.7,1,1,34.1,Northwestern,55.4,4.4,3.4,6.5,5.9,11.8,176.0,1.181818181818182,0.9090909090909091,26.90909090909091,14.90909090909091,2.75,22.6,4.37,1.583333333333333,35.17,153.67,57.0,6.5,1.166666666666667,0.8333333333333334,30.4,196.7,5.34,350.3,3.166666666666667,26.3,4.0,1.833333333333333,32.5,129.92,62.7,7.1,32.6,231.8,20.41666666666667,1.25,0.8333333333333334,5.56,361.8,40.38,1.92,4.58
157,Braedyn Locke,QB,Wisconsin,1,6.5,22,42,217,5.2,0,1,56.4,Penn State,55.4,4.4,3.4,6.5,5.9,11.8,176.0,1.181818181818182,0.9090909090909091,26.90909090909091,14.90909090909091,2.75,22.6,4.37,1.583333333333333,35.17,153.67,57.0,6.5,1.166666666666667,0.8333333333333334,30.4,196.7,5.34,350.3,1.75,16.5,3.05,0.625,33.38,101.88,60.0,6.5,29.7,192.9,17.8125,1.125,1.25,4.67,294.8,37.16,2.75,4.5
158,Braedyn Locke,QB,Wisconsin,0,2.5,15,29,137,4.7,1,2,29.6,Iowa,55.4,4.4,3.4,6.5,5.9,11.8,176.0,1.181818181818182,0.9090909090909091,26.90909090909091,14.90909090909091,2.75,22.6,4.37,1.583333333333333,35.17,153.67,57.0,6.5,1.166666666666667,0.8333333333333334,30.4,196.7,5.34,350.3,2.076923076923077,17.8,3.69,0.3076923076923077,31.23,115.31,61.9,6.3,32.3,203.1,20.0,1.538461538461539,1.230769230769231,5.01,318.4,36.42,2.23,4.54
159,Braedyn Locke,QB,Wisconsin,1,13.5,12,28,96,3.4,1,1,19.1,Oregon,55.4,4.4,3.4,6.5,5.9,11.8,176.0,1.181818181818182,0.9090909090909091,26.90909090909091,14.90909090909091,2.75,22.6,4.37,1.583333333333333,35.17,153.67,57.0,6.5,1.166666666666667,0.8333333333333334,30.4,196.7,5.34,350.3,2.285714285714286,19.4,4.14,1.142857142857143,31.43,130.0,55.7,6.2,30.0,185.9,16.71428571428572,1.071428571428571,0.8571428571428571,5.14,315.9,33.7,2.86,5.36
160,Braedyn Locke,QB,Wisconsin,0,1.5,20,30,292,9.7,3,1,82.6,Nebraska,55.4,4.4,3.4,6.5,5.9,11.8,176.0,1.181818181818182,0.9090909090909091,26.90909090909091,14.90909090909091,2.75,22.6,4.37,1.583333333333333,35.17,153.67,57.0,6.5,1.166666666666667,0.8333333333333334,30.4,196.7,5.34,350.3,2.461538461538462,19.5,3.37,0.6153846153846154,30.0,101.23,63.9,7.4,29.2,216.7,18.61538461538462,1.769230769230769,0.8461538461538461,5.37,317.9,35.22,2.31,4.08
161,Braedyn Locke,QB,Wisconsin,1,1.5,15,32,130,4.1,1,0,34.0,Minnesota,55.4,4.4,3.4,6.5,5.9,11.8,176.0,1.181818181818182,0.9090909090909091,26.90909090909091,14.90909090909091,2.75,22.6,4.37,1.583333333333333,35.17,153.67,57.0,6.5,1.166666666666667,0.8333333333333334,30.4,196.7,5.34,350.3,1.923076923076923,16.9,3.5,1.076923076923077,31.31,109.62,59.0,6.1,28.7,176.1,16.92307692307692,0.8461538461538461,1.307692307692308,4.76,285.7,38.95,2.15,5.85
162,Ethan Garbers,QB,UCLA,0,-13.5,19,38,272,7.2,1,2,32.3,Hawai'i,64.7,4.4,3.0,7.5,7.03,11.6,247.9,1.454545454545455,1.0,33.0,21.36363636363636,1.916666666666667,18.4,3.07,0.3333333333333333,28.17,86.58,65.1,7.3,1.416666666666667,0.9166666666666666,33.2,242.2,5.36,328.8,3.25,26.0,4.67,1.666666666666667,35.5,165.67,65.3,6.9,30.5,211.3,19.91666666666667,1.5,0.5,5.71,376.9,40.36,2.25,3.75
163,Ethan Garbers,QB,UCLA,1,3.5,14,23,137,6.0,0,1,58.2,Indiana,64.7,4.4,3.0,7.5,7.03,11.6,247.9,1.454545454545455,1.0,33.0,21.36363636363636,1.916666666666667,18.4,3.07,0.3333333333333333,28.17,86.58,65.1,7.3,1.416666666666667,0.9166666666666666,33.2,242.2,5.36,328.8,1.846153846153846,15.6,2.74,0.9230769230769231,29.31,80.23,62.5,5.8,30.5,176.1,19.07692307692308,0.8461538461538461,1.153846153846154,4.28,256.3,32.74,2.69,4.46
164,Ethan Garbers,QB,UCLA,0,22.5,22,36,281,7.8,2,1,57.7,LSU,64.7,4.4,3.0,7.5,7.03,11.6,247.9,1.454545454545455,1.0,33.0,21.36363636363636,1.916666666666667,18.4,3.07,0.3333333333333333,28.17,86.58,65.1,7.3,1.416666666666667,0.9166666666666666,33.2,242.2,5.36,328.8,2.923076923076923,24.3,4.28,2.0,32.69,140.08,61.1,7.7,29.2,224.3,17.84615384615385,0.8461538461538461,0.4615384615384616,5.88,364.4,40.99,2.62,4.46
165,Ethan Garbers,QB,UCLA,1,23.5,12,20,118,5.9,0,2,29.0,Oregon,64.7,4.4,3.0,7.5,7.03,11.6,247.9,1.454545454545455,1.0,33.0,21.36363636363636,1.916666666666667,18.4,3.07,0.3333333333333333,28.17,86.58,65.1,7.3,1.416666666666667,0.9166666666666666,33.2,242.2,5.36,328.8,2.285714285714286,19.4,4.14,1.142857142857143,31.43,130.0,55.7,6.2,30.0,185.9,16.71428571428572,1.071428571428571,0.8571428571428571,5.14,315.9,33.7,2.86,5.36
166,Ethan Garbers,QB,UCLA,1,3.5,25,36,293,8.1,1,3,76.4,Minnesota,64.7,4.4,3.0,7.5,7.03,11.6,247.9,1.454545454545455,1.0,33.0,21.36363636363636,1.916666666666667,18.4,3.07,0.3333333333333333,28.17,86.58,65.1,7.3,1.416666666666667,0.9166666666666666,33.2,242.2,5.36,328.8,1.923076923076923,16.9,3.5,1.076923076923077,31.31,109.62,59.0,6.1,28.7,176.1,16.92307692307692,0.8461538461538461,1.307692307692308,4.76,285.7,38.95,2.15,5.85
167,Ethan Garbers,QB,UCLA,0,4.5,32,38,383,10.1,4,0,96.9,Rutgers,64.7,4.4,3.0,7.5,7.03,11.6,247.9,1.454545454545455,1.0,33.0,21.36363636363636,1.916666666666667,18.4,3.07,0.3333333333333333,28.17,86.58,65.1,7.3,1.416666666666667,0.9166666666666666,33.2,242.2,5.36,328.8,3.384615384615385,25.4,5.21,2.0,31.23,162.77,60.0,7.0,32.8,231.1,19.69230769230769,1.384615384615385,0.6153846153846154,6.15,393.8,43.1,1.69,4.54
168,Ethan Garbers,QB,UCLA,0,8.5,17,25,219,8.8,2,0,94.6,Nebraska,64.7,4.4,3.0,7.5,7.03,11.6,247.9,1.454545454545455,1.0,33.0,21.36363636363636,1.916666666666667,18.4,3.07,0.3333333333333333,28.17,86.58,65.1,7.3,1.416666666666667,0.9166666666666666,33.2,242.2,5.36,328.8,2.461538461538462,19.5,3.37,0.6153846153846154,30.0,101.23,63.9,7.4,29.2,216.7,18.61538461538462,1.769230769230769,0.8461538461538461,5.37,317.9,35.22,2.31,4.08
169,Ethan Garbers,QB,UCLA,1,6.5,21,34,203,6.0,2,2,66.5,Iowa,64.7,4.4,3.0,7.5,7.03,11.6,247.9,1.454545454545455,1.0,33.0,21.36363636363636,1.916666666666667,18.4,3.07,0.3333333333333333,28.17,86.58,65.1,7.3,1.416666666666667,0.9166666666666666,33.2,242.2,5.36,328.8,2.076923076923077,17.8,3.69,0.3076923076923077,31.23,115.31,61.9,6.3,32.3,203.1,20.0,1.538461538461539,1.230769230769231,5.01,318.4,36.42,2.23,4.54
170,Ethan Garbers,QB,UCLA,0,5.5,27,44,267,6.1,2,0,73.1,Washington,64.7,4.4,3.0,7.5,7.03,11.6,247.9,1.454545454545455,1.0,33.0,21.36363636363636,1.916666666666667,18.4,3.07,0.3333333333333333,28.17,86.58,65.1,7.3,1.416666666666667,0.9166666666666666,33.2,242.2,5.36,328.8,2.923076923076923,23.8,4.56,1.538461538461539,35.46,161.85,55.7,5.7,29.0,166.5,16.15384615384615,1.230769230769231,0.6153846153846154,5.09,328.4,43.82,1.54,4.46
171,Ethan Garbers,QB,UCLA,1,4.5,20,29,265,9.1,1,0,46.2,USC,64.7,4.4,3.0,7.5,7.03,11.6,247.9,1.454545454545455,1.0,33.0,21.36363636363636,1.916666666666667,18.4,3.07,0.3333333333333333,28.17,86.58,65.1,7.3,1.416666666666667,0.9166666666666666,33.2,242.2,5.36,328.8,2.923076923076923,24.1,4.54,1.461538461538461,31.08,141.23,67.7,7.0,33.6,235.8,22.76923076923077,1.153846153846154,0.9230769230769231,5.83,377.1,33.53,1.62,4.31
172,Ethan Garbers,QB,UCLA,1,-7.5,26,40,289,7.2,1,0,64.8,Fresno State,64.7,4.4,3.0,7.5,7.03,11.6,247.9,1.454545454545455,1.0,33.0,21.36363636363636,1.916666666666667,18.4,3.07,0.3333333333333333,28.17,86.58,65.1,7.3,1.416666666666667,0.9166666666666666,33.2,242.2,5.36,328.8,3.0,24.8,3.82,1.076923076923077,36.46,139.38,54.6,6.0,36.1,216.2,19.69230769230769,1.615384615384615,1.153846153846154,4.9,355.6,35.26,1.85,5.15
